Record Length,2.50E+03,,-0.125,-0.04
Sample Interval,1.00E-04,,-0.1249,-0.04
Trigger Point,1.25E+03,,-0.1248,0
,,,-0.1247,-0.04
,,,-0.1246,-0.04
,,,-0.1245,-0.08
Source,CH1,,-0.1244,-0.12
Vertical Units,V,,-0.1243,-0.08
Vertical Scale,1.00E+00,,-0.1242,-0.08
Vertical Offset,0.00E+00,,-0.1241,-0.12
Horizontal Units,s,,-0.124,-0.12
Horizontal Scale,2.50E-02,,-0.1239,-0.12
Pt Fmt,Y,,-0.1238,-0.16
Yzero,0.00E+00,,-0.1237,-0.2
Probe Atten,1.00E+00,,-0.1236,-0.16
Model Number,TBS1062,,-0.1235,-0.16
Serial Number,C012880,,-0.1234,-0.16
Firmware Version,FV:v26.01,,-0.1233,-0.08
,,,-0.1232,-0.04
,,,-0.1231,-0.04
,,,-0.123,0.04
,,,-0.1229,0
,,,-0.1228,0
,,,-0.1227,0
,,,-0.1226,0
,,,-0.1225,0
,,,-0.1224,0
,,,-0.1223,0
,,,-0.1222,0
,,,-0.1221,-0.04
,,,-0.122,-0.12
,,,-0.1219,-0.2
,,,-0.1218,-0.24
,,,-0.1217,-0.28
,,,-0.1216,-0.32
,,,-0.1215,-0.36
,,,-0.1214,-0.36
,,,-0.1213,-0.36
,,,-0.1212,-0.4
,,,-0.1211,-0.44
,,,-0.121,-0.44
,,,-0.1209,-0.4
,,,-0.1208,-0.28
,,,-0.1207,-0.08
,,,-0.1206,0.12
,,,-0.1205,0.28
,,,-0.1204,0.36
,,,-0.1203,0.4
,,,-0.1202,0.44
,,,-0.1201,0.48
,,,-0.12,0.56
,,,-0.1199,0.76
,,,-0.1198,0.92
,,,-0.1197,1.12
,,,-0.1196,1.28
,,,-0.1195,1.48
,,,-0.1194,1.6
,,,-0.1193,1.76
,,,-0.1192,1.88
,,,-0.1191,1.96
,,,-0.119,1.96
,,,-0.1189,1.88
,,,-0.1188,1.76
,,,-0.1187,1.68
,,,-0.1186,1.56
,,,-0.1185,1.48
,,,-0.1184,1.4
,,,-0.1183,1.32
,,,-0.1182,1.28
,,,-0.1181,1.32
,,,-0.118,1.4
,,,-0.1179,1.48
,,,-0.1178,1.6
,,,-0.1177,1.72
,,,-0.1176,1.76
,,,-0.1175,1.72
,,,-0.1174,1.72
,,,-0.1173,1.64
,,,-0.1172,1.56
,,,-0.1171,1.48
,,,-0.117,1.36
,,,-0.1169,1.2
,,,-0.1168,1.16
,,,-0.1167,1.12
,,,-0.1166,1.12
,,,-0.1165,1.12
,,,-0.1164,1.12
,,,-0.1163,1.16
,,,-0.1162,1.16
,,,-0.1161,1.16
,,,-0.116,1.16
,,,-0.1159,1.12
,,,-0.1158,1.04
,,,-0.1157,0.92
,,,-0.1156,0.84
,,,-0.1155,0.72
,,,-0.1154,0.6
,,,-0.1153,0.52
,,,-0.1152,0.44
,,,-0.1151,0.4
,,,-0.115,0.36
,,,-0.1149,0.32
,,,-0.1148,0.32
,,,-0.1147,0.32
,,,-0.1146,0.32
,,,-0.1145,0.28
,,,-0.1144,0.24
,,,-0.1143,0.2
,,,-0.1142,0.12
,,,-0.1141,0.04
,,,-0.114,0
,,,-0.1139,-0.08
,,,-0.1138,-0.08
,,,-0.1137,-0.12
,,,-0.1136,-0.16
,,,-0.1135,-0.16
,,,-0.1134,-0.2
,,,-0.1133,-0.24
,,,-0.1132,-0.28
,,,-0.1131,-0.28
,,,-0.113,-0.36
,,,-0.1129,-0.36
,,,-0.1128,-0.44
,,,-0.1127,-0.48
,,,-0.1126,-0.56
,,,-0.1125,-0.64
,,,-0.1124,-0.72
,,,-0.1123,-0.8
,,,-0.1122,-0.84
,,,-0.1121,-0.88
,,,-0.112,-0.92
,,,-0.1119,-1
,,,-0.1118,-1.04
,,,-0.1117,-1.04
,,,-0.1116,-1.08
,,,-0.1115,-1.12
,,,-0.1114,-1.12
,,,-0.1113,-1.16
,,,-0.1112,-1.16
,,,-0.1111,-1.16
,,,-0.111,-1.16
,,,-0.1109,-1.16
,,,-0.1108,-1.2
,,,-0.1107,-1.2
,,,-0.1106,-1.24
,,,-0.1105,-1.24
,,,-0.1104,-1.24
,,,-0.1103,-1.28
,,,-0.1102,-1.28
,,,-0.1101,-1.32
,,,-0.11,-1.32
,,,-0.1099,-1.36
,,,-0.1098,-1.4
,,,-0.1097,-1.44
,,,-0.1096,-1.48
,,,-0.1095,-1.52
,,,-0.1094,-1.52
,,,-0.1093,-1.6
,,,-0.1092,-1.64
,,,-0.1091,-1.6
,,,-0.109,-1.6
,,,-0.1089,-1.6
,,,-0.1088,-1.56
,,,-0.1087,-1.56
,,,-0.1086,-1.52
,,,-0.1085,-1.48
,,,-0.1084,-1.44
,,,-0.1083,-1.36
,,,-0.1082,-1.32
,,,-0.1081,-1.28
,,,-0.108,-1.24
,,,-0.1079,-1.12
,,,-0.1078,-1.04
,,,-0.1077,-0.92
,,,-0.1076,-0.6
,,,-0.1075,-0.36
,,,-0.1074,-0.24
,,,-0.1073,-0.12
,,,-0.1072,0
,,,-0.1071,0
,,,-0.107,0.04
,,,-0.1069,0.08
,,,-0.1068,0.08
,,,-0.1067,0.12
,,,-0.1066,0.12
,,,-0.1065,0.12
,,,-0.1064,0.16
,,,-0.1063,0.16
,,,-0.1062,0.16
,,,-0.1061,0.16
,,,-0.106,0.16
,,,-0.1059,0.16
,,,-0.1058,0.16
,,,-0.1057,0.12
,,,-0.1056,0.12
,,,-0.1055,0.12
,,,-0.1054,0.12
,,,-0.1053,0.12
,,,-0.1052,0.12
,,,-0.1051,0.12
,,,-0.105,0.12
,,,-0.1049,0.12
,,,-0.1048,0.12
,,,-0.1047,0.08
,,,-0.1046,0.12
,,,-0.1045,0.08
,,,-0.1044,0.08
,,,-0.1043,0.08
,,,-0.1042,0.08
,,,-0.1041,0.08
,,,-0.104,0.08
,,,-0.1039,0.08
,,,-0.1038,0.08
,,,-0.1037,0.08
,,,-0.1036,0.04
,,,-0.1035,0.04
,,,-0.1034,0
,,,-0.1033,0
,,,-0.1032,0.04
,,,-0.1031,0.04
,,,-0.103,0.04
,,,-0.1029,0.04
,,,-0.1028,0.04
,,,-0.1027,0.04
,,,-0.1026,0.08
,,,-0.1025,0.08
,,,-0.1024,0.08
,,,-0.1023,0.04
,,,-0.1022,0.08
,,,-0.1021,0.04
,,,-0.102,0.04
,,,-0.1019,0.04
,,,-0.1018,0.04
,,,-0.1017,0.04
,,,-0.1016,0
,,,-0.1015,0.04
,,,-0.1014,0.04
,,,-0.1013,0
,,,-0.1012,0
,,,-0.1011,0
,,,-0.101,0
,,,-0.1009,0.04
,,,-0.1008,0
,,,-0.1007,0
,,,-0.1006,0
,,,-0.1005,0.04
,,,-0.1004,0
,,,-0.1003,0.04
,,,-0.1002,0
,,,-0.1001,0
,,,-0.1,0
,,,-0.0999,0
,,,-0.0998,0.04
,,,-0.0997,0.04
,,,-0.0996,0.04
,,,-0.0995,0
,,,-0.0994,0.04
,,,-0.0993,0.04
,,,-0.0992,0.04
,,,-0.0991,0.04
,,,-0.099,0
,,,-0.0989,0.04
,,,-0.0988,0.04
,,,-0.0987,0
,,,-0.0986,0.04
,,,-0.0985,0.04
,,,-0.0984,0.04
,,,-0.0983,0
,,,-0.0982,0
,,,-0.0981,0.04
,,,-0.098,0.04
,,,-0.0979,0
,,,-0.0978,0
,,,-0.0977,0.04
,,,-0.0976,0.04
,,,-0.0975,0.04
,,,-0.0974,0.04
,,,-0.0973,0.04
,,,-0.0972,0.04
,,,-0.0971,0.04
,,,-0.097,0
,,,-0.0969,0
,,,-0.0968,0.04
,,,-0.0967,0.04
,,,-0.0966,0.04
,,,-0.0965,0.04
,,,-0.0964,0.04
,,,-0.0963,0.04
,,,-0.0962,0.04
,,,-0.0961,0.04
,,,-0.096,0.04
,,,-0.0959,0.04
,,,-0.0958,0.04
,,,-0.0957,0.04
,,,-0.0956,0.04
,,,-0.0955,0.04
,,,-0.0954,0.04
,,,-0.0953,0.04
,,,-0.0952,0.04
,,,-0.0951,0
,,,-0.095,0.04
,,,-0.0949,0.04
,,,-0.0948,0.04
,,,-0.0947,0.04
,,,-0.0946,0.04
,,,-0.0945,0.04
,,,-0.0944,0
,,,-0.0943,0
,,,-0.0942,0.04
,,,-0.0941,0
,,,-0.094,0
,,,-0.0939,0.04
,,,-0.0938,0
,,,-0.0937,0.04
,,,-0.0936,0.04
,,,-0.0935,0.04
,,,-0.0934,0.04
,,,-0.0933,0.04
,,,-0.0932,0.04
,,,-0.0931,0.04
,,,-0.093,0.08
,,,-0.0929,0.08
,,,-0.0928,0.08
,,,-0.0927,0.12
,,,-0.0926,0.12
,,,-0.0925,0.12
,,,-0.0924,0.12
,,,-0.0923,0.12
,,,-0.0922,0.12
,,,-0.0921,0.12
,,,-0.092,0.12
,,,-0.0919,0.04
,,,-0.0918,0.04
,,,-0.0917,0.04
,,,-0.0916,0.04
,,,-0.0915,0
,,,-0.0914,0
,,,-0.0913,0
,,,-0.0912,0
,,,-0.0911,0
,,,-0.091,0
,,,-0.0909,0
,,,-0.0908,0
,,,-0.0907,0
,,,-0.0906,0
,,,-0.0905,0
,,,-0.0904,0
,,,-0.0903,-0.04
,,,-0.0902,-0.04
,,,-0.0901,0
,,,-0.09,-0.04
,,,-0.0899,0
,,,-0.0898,-0.04
,,,-0.0897,-0.04
,,,-0.0896,0
,,,-0.0895,-0.04
,,,-0.0894,-0.04
,,,-0.0893,-0.04
,,,-0.0892,-0.04
,,,-0.0891,-0.04
,,,-0.089,-0.04
,,,-0.0889,-0.04
,,,-0.0888,-0.04
,,,-0.0887,-0.04
,,,-0.0886,-0.04
,,,-0.0885,-0.04
,,,-0.0884,-0.04
,,,-0.0883,-0.04
,,,-0.0882,-0.04
,,,-0.0881,-0.04
,,,-0.088,-0.04
,,,-0.0879,-0.04
,,,-0.0878,-0.04
,,,-0.0877,0
,,,-0.0876,-0.04
,,,-0.0875,-0.04
,,,-0.0874,-0.04
,,,-0.0873,0
,,,-0.0872,0
,,,-0.0871,-0.04
,,,-0.087,-0.04
,,,-0.0869,-0.04
,,,-0.0868,0
,,,-0.0867,0
,,,-0.0866,0
,,,-0.0865,0
,,,-0.0864,0
,,,-0.0863,0
,,,-0.0862,0.04
,,,-0.0861,0
,,,-0.086,0
,,,-0.0859,0
,,,-0.0858,-0.04
,,,-0.0857,-0.04
,,,-0.0856,-0.08
,,,-0.0855,-0.04
,,,-0.0854,0
,,,-0.0853,0
,,,-0.0852,-0.04
,,,-0.0851,-0.04
,,,-0.085,-0.04
,,,-0.0849,-0.04
,,,-0.0848,0
,,,-0.0847,-0.04
,,,-0.0846,-0.04
,,,-0.0845,-0.08
,,,-0.0844,-0.12
,,,-0.0843,-0.12
,,,-0.0842,-0.08
,,,-0.0841,-0.08
,,,-0.084,-0.12
,,,-0.0839,-0.08
,,,-0.0838,-0.16
,,,-0.0837,-0.2
,,,-0.0836,-0.16
,,,-0.0835,-0.16
,,,-0.0834,-0.16
,,,-0.0833,-0.04
,,,-0.0832,-0.04
,,,-0.0831,0
,,,-0.083,0
,,,-0.0829,0
,,,-0.0828,0
,,,-0.0827,0
,,,-0.0826,0.04
,,,-0.0825,0
,,,-0.0824,0
,,,-0.0823,0
,,,-0.0822,0
,,,-0.0821,-0.04
,,,-0.082,-0.12
,,,-0.0819,-0.16
,,,-0.0818,-0.2
,,,-0.0817,-0.28
,,,-0.0816,-0.32
,,,-0.0815,-0.36
,,,-0.0814,-0.36
,,,-0.0813,-0.36
,,,-0.0812,-0.4
,,,-0.0811,-0.4
,,,-0.081,-0.44
,,,-0.0809,-0.4
,,,-0.0808,-0.28
,,,-0.0807,-0.16
,,,-0.0806,0.08
,,,-0.0805,0.28
,,,-0.0804,0.36
,,,-0.0803,0.44
,,,-0.0802,0.44
,,,-0.0801,0.48
,,,-0.08,0.6
,,,-0.0799,0.76
,,,-0.0798,0.92
,,,-0.0797,1.08
,,,-0.0796,1.24
,,,-0.0795,1.44
,,,-0.0794,1.6
,,,-0.0793,1.76
,,,-0.0792,1.88
,,,-0.0791,1.96
,,,-0.079,1.92
,,,-0.0789,1.88
,,,-0.0788,1.84
,,,-0.0787,1.72
,,,-0.0786,1.64
,,,-0.0785,1.52
,,,-0.0784,1.4
,,,-0.0783,1.32
,,,-0.0782,1.24
,,,-0.0781,1.28
,,,-0.078,1.36
,,,-0.0779,1.44
,,,-0.0778,1.56
,,,-0.0777,1.68
,,,-0.0776,1.72
,,,-0.0775,1.72
,,,-0.0774,1.72
,,,-0.0773,1.64
,,,-0.0772,1.6
,,,-0.0771,1.48
,,,-0.077,1.36
,,,-0.0769,1.24
,,,-0.0768,1.16
,,,-0.0767,1.12
,,,-0.0766,1.08
,,,-0.0765,1.12
,,,-0.0764,1.12
,,,-0.0763,1.16
,,,-0.0762,1.16
,,,-0.0761,1.16
,,,-0.076,1.16
,,,-0.0759,1.12
,,,-0.0758,1.04
,,,-0.0757,0.96
,,,-0.0756,0.84
,,,-0.0755,0.72
,,,-0.0754,0.64
,,,-0.0753,0.52
,,,-0.0752,0.44
,,,-0.0751,0.4
,,,-0.075,0.32
,,,-0.0749,0.32
,,,-0.0748,0.32
,,,-0.0747,0.28
,,,-0.0746,0.28
,,,-0.0745,0.24
,,,-0.0744,0.24
,,,-0.0743,0.2
,,,-0.0742,0.12
,,,-0.0741,0.08
,,,-0.074,0
,,,-0.0739,-0.04
,,,-0.0738,-0.08
,,,-0.0737,-0.12
,,,-0.0736,-0.16
,,,-0.0735,-0.2
,,,-0.0734,-0.24
,,,-0.0733,-0.28
,,,-0.0732,-0.28
,,,-0.0731,-0.32
,,,-0.073,-0.32
,,,-0.0729,-0.36
,,,-0.0728,-0.4
,,,-0.0727,-0.48
,,,-0.0726,-0.56
,,,-0.0725,-0.6
,,,-0.0724,-0.72
,,,-0.0723,-0.8
,,,-0.0722,-0.84
,,,-0.0721,-0.88
,,,-0.072,-0.92
,,,-0.0719,-1
,,,-0.0718,-1.04
,,,-0.0717,-1.04
,,,-0.0716,-1.08
,,,-0.0715,-1.08
,,,-0.0714,-1.12
,,,-0.0713,-1.12
,,,-0.0712,-1.16
,,,-0.0711,-1.16
,,,-0.071,-1.16
,,,-0.0709,-1.16
,,,-0.0708,-1.2
,,,-0.0707,-1.24
,,,-0.0706,-1.24
,,,-0.0705,-1.24
,,,-0.0704,-1.28
,,,-0.0703,-1.28
,,,-0.0702,-1.28
,,,-0.0701,-1.32
,,,-0.07,-1.32
,,,-0.0699,-1.4
,,,-0.0698,-1.4
,,,-0.0697,-1.44
,,,-0.0696,-1.44
,,,-0.0695,-1.52
,,,-0.0694,-1.56
,,,-0.0693,-1.6
,,,-0.0692,-1.6
,,,-0.0691,-1.64
,,,-0.069,-1.64
,,,-0.0689,-1.6
,,,-0.0688,-1.6
,,,-0.0687,-1.56
,,,-0.0686,-1.52
,,,-0.0685,-1.48
,,,-0.0684,-1.44
,,,-0.0683,-1.36
,,,-0.0682,-1.32
,,,-0.0681,-1.28
,,,-0.068,-1.24
,,,-0.0679,-1.12
,,,-0.0678,-1.04
,,,-0.0677,-0.88
,,,-0.0676,-0.6
,,,-0.0675,-0.4
,,,-0.0674,-0.24
,,,-0.0673,-0.12
,,,-0.0672,-0.04
,,,-0.0671,0.04
,,,-0.067,0.04
,,,-0.0669,0.08
,,,-0.0668,0.08
,,,-0.0667,0.12
,,,-0.0666,0.12
,,,-0.0665,0.16
,,,-0.0664,0.12
,,,-0.0663,0.16
,,,-0.0662,0.16
,,,-0.0661,0.16
,,,-0.066,0.16
,,,-0.0659,0.16
,,,-0.0658,0.12
,,,-0.0657,0.16
,,,-0.0656,0.12
,,,-0.0655,0.12
,,,-0.0654,0.12
,,,-0.0653,0.12
,,,-0.0652,0.12
,,,-0.0651,0.12
,,,-0.065,0.12
,,,-0.0649,0.12
,,,-0.0648,0.12
,,,-0.0647,0.08
,,,-0.0646,0.08
,,,-0.0645,0.08
,,,-0.0644,0.08
,,,-0.0643,0.08
,,,-0.0642,0.08
,,,-0.0641,0.04
,,,-0.064,0.08
,,,-0.0639,0.08
,,,-0.0638,0.08
,,,-0.0637,0.08
,,,-0.0636,0.04
,,,-0.0635,0.04
,,,-0.0634,0.04
,,,-0.0633,0
,,,-0.0632,0
,,,-0.0631,0.04
,,,-0.063,0.04
,,,-0.0629,0.04
,,,-0.0628,0.04
,,,-0.0627,0.04
,,,-0.0626,0.04
,,,-0.0625,0.08
,,,-0.0624,0.08
,,,-0.0623,0.04
,,,-0.0622,0.04
,,,-0.0621,0.08
,,,-0.062,0.04
,,,-0.0619,0.04
,,,-0.0618,0.04
,,,-0.0617,0.04
,,,-0.0616,0.04
,,,-0.0615,0.04
,,,-0.0614,0.08
,,,-0.0613,0.04
,,,-0.0612,0.04
,,,-0.0611,0
,,,-0.061,0
,,,-0.0609,0.04
,,,-0.0608,0
,,,-0.0607,0
,,,-0.0606,0
,,,-0.0605,0
,,,-0.0604,0.04
,,,-0.0603,0.04
,,,-0.0602,0.04
,,,-0.0601,0
,,,-0.06,0
,,,-0.0599,0.04
,,,-0.0598,0.04
,,,-0.0597,0
,,,-0.0596,0.04
,,,-0.0595,0.04
,,,-0.0594,0.04
,,,-0.0593,0.04
,,,-0.0592,0.04
,,,-0.0591,0.04
,,,-0.059,0.04
,,,-0.0589,0.04
,,,-0.0588,0
,,,-0.0587,0
,,,-0.0586,0.04
,,,-0.0585,0.04
,,,-0.0584,0.04
,,,-0.0583,0.04
,,,-0.0582,0
,,,-0.0581,0.04
,,,-0.058,0.04
,,,-0.0579,0.04
,,,-0.0578,0.04
,,,-0.0577,0.04
,,,-0.0576,0
,,,-0.0575,0.04
,,,-0.0574,0.04
,,,-0.0573,0.04
,,,-0.0572,0.04
,,,-0.0571,0
,,,-0.057,0.04
,,,-0.0569,0.04
,,,-0.0568,0.04
,,,-0.0567,0.04
,,,-0.0566,0.04
,,,-0.0565,0.04
,,,-0.0564,0.04
,,,-0.0563,0.04
,,,-0.0562,0.04
,,,-0.0561,0.04
,,,-0.056,0.04
,,,-0.0559,0.04
,,,-0.0558,0
,,,-0.0557,0.04
,,,-0.0556,0
,,,-0.0555,0
,,,-0.0554,0.04
,,,-0.0553,0.04
,,,-0.0552,0.04
,,,-0.0551,0.04
,,,-0.055,0
,,,-0.0549,0
,,,-0.0548,0
,,,-0.0547,0.04
,,,-0.0546,0
,,,-0.0545,0.04
,,,-0.0544,0.04
,,,-0.0543,0.04
,,,-0.0542,0
,,,-0.0541,0
,,,-0.054,0.04
,,,-0.0539,0.04
,,,-0.0538,0
,,,-0.0537,0.04
,,,-0.0536,0.04
,,,-0.0535,0.04
,,,-0.0534,0
,,,-0.0533,0
,,,-0.0532,0.04
,,,-0.0531,0.04
,,,-0.053,0.08
,,,-0.0529,0.08
,,,-0.0528,0.08
,,,-0.0527,0.08
,,,-0.0526,0.08
,,,-0.0525,0.12
,,,-0.0524,0.12
,,,-0.0523,0.12
,,,-0.0522,0.12
,,,-0.0521,0.12
,,,-0.052,0.12
,,,-0.0519,0.08
,,,-0.0518,0.04
,,,-0.0517,0
,,,-0.0516,0
,,,-0.0515,0
,,,-0.0514,0
,,,-0.0513,0
,,,-0.0512,0
,,,-0.0511,0
,,,-0.051,0
,,,-0.0509,-0.04
,,,-0.0508,-0.04
,,,-0.0507,0
,,,-0.0506,0
,,,-0.0505,-0.04
,,,-0.0504,0
,,,-0.0503,0
,,,-0.0502,-0.04
,,,-0.0501,-0.04
,,,-0.05,-0.04
,,,-0.0499,-0.04
,,,-0.0498,0
,,,-0.0497,-0.04
,,,-0.0496,-0.04
,,,-0.0495,-0.04
,,,-0.0494,-0.04
,,,-0.0493,-0.04
,,,-0.0492,-0.04
,,,-0.0491,-0.04
,,,-0.049,-0.04
,,,-0.0489,-0.04
,,,-0.0488,-0.04
,,,-0.0487,-0.04
,,,-0.0486,-0.04
,,,-0.0485,-0.04
,,,-0.0484,-0.04
,,,-0.0483,-0.04
,,,-0.0482,-0.04
,,,-0.0481,-0.04
,,,-0.048,-0.04
,,,-0.0479,0
,,,-0.0478,0
,,,-0.0477,-0.04
,,,-0.0476,-0.04
,,,-0.0475,0
,,,-0.0474,-0.04
,,,-0.0473,-0.04
,,,-0.0472,-0.04
,,,-0.0471,-0.04
,,,-0.047,-0.04
,,,-0.0469,-0.04
,,,-0.0468,-0.04
,,,-0.0467,-0.04
,,,-0.0466,0
,,,-0.0465,0
,,,-0.0464,0
,,,-0.0463,0
,,,-0.0462,0
,,,-0.0461,0
,,,-0.046,0
,,,-0.0459,0
,,,-0.0458,-0.04
,,,-0.0457,-0.04
,,,-0.0456,-0.04
,,,-0.0455,-0.04
,,,-0.0454,0
,,,-0.0453,0
,,,-0.0452,0
,,,-0.0451,-0.04
,,,-0.045,-0.04
,,,-0.0449,-0.04
,,,-0.0448,-0.04
,,,-0.0447,-0.04
,,,-0.0446,-0.08
,,,-0.0445,-0.08
,,,-0.0444,-0.12
,,,-0.0443,-0.12
,,,-0.0442,-0.08
,,,-0.0441,-0.08
,,,-0.044,-0.08
,,,-0.0439,-0.12
,,,-0.0438,-0.16
,,,-0.0437,-0.16
,,,-0.0436,-0.16
,,,-0.0435,-0.16
,,,-0.0434,-0.12
,,,-0.0433,-0.08
,,,-0.0432,-0.04
,,,-0.0431,-0.04
,,,-0.043,0.04
,,,-0.0429,0
,,,-0.0428,0
,,,-0.0427,0
,,,-0.0426,0.04
,,,-0.0425,0
,,,-0.0424,0
,,,-0.0423,0
,,,-0.0422,-0.04
,,,-0.0421,-0.08
,,,-0.042,-0.12
,,,-0.0419,-0.16
,,,-0.0418,-0.2
,,,-0.0417,-0.28
,,,-0.0416,-0.32
,,,-0.0415,-0.32
,,,-0.0414,-0.32
,,,-0.0413,-0.36
,,,-0.0412,-0.4
,,,-0.0411,-0.4
,,,-0.041,-0.44
,,,-0.0409,-0.4
,,,-0.0408,-0.32
,,,-0.0407,-0.16
,,,-0.0406,0.08
,,,-0.0405,0.24
,,,-0.0404,0.36
,,,-0.0403,0.44
,,,-0.0402,0.44
,,,-0.0401,0.48
,,,-0.04,0.64
,,,-0.0399,0.8
,,,-0.0398,0.96
,,,-0.0397,1.08
,,,-0.0396,1.28
,,,-0.0395,1.44
,,,-0.0394,1.6
,,,-0.0393,1.72
,,,-0.0392,1.84
,,,-0.0391,1.92
,,,-0.039,1.96
,,,-0.0389,1.88
,,,-0.0388,1.8
,,,-0.0387,1.72
,,,-0.0386,1.64
,,,-0.0385,1.56
,,,-0.0384,1.44
,,,-0.0383,1.32
,,,-0.0382,1.32
,,,-0.0381,1.32
,,,-0.038,1.36
,,,-0.0379,1.48
,,,-0.0378,1.6
,,,-0.0377,1.68
,,,-0.0376,1.76
,,,-0.0375,1.72
,,,-0.0374,1.68
,,,-0.0373,1.64
,,,-0.0372,1.6
,,,-0.0371,1.48
,,,-0.037,1.4
,,,-0.0369,1.24
,,,-0.0368,1.16
,,,-0.0367,1.12
,,,-0.0366,1.12
,,,-0.0365,1.12
,,,-0.0364,1.12
,,,-0.0363,1.16
,,,-0.0362,1.16
,,,-0.0361,1.16
,,,-0.036,1.16
,,,-0.0359,1.12
,,,-0.0358,1.04
,,,-0.0357,0.92
,,,-0.0356,0.84
,,,-0.0355,0.72
,,,-0.0354,0.6
,,,-0.0353,0.52
,,,-0.0352,0.44
,,,-0.0351,0.36
,,,-0.035,0.36
,,,-0.0349,0.32
,,,-0.0348,0.32
,,,-0.0347,0.32
,,,-0.0346,0.32
,,,-0.0345,0.24
,,,-0.0344,0.24
,,,-0.0343,0.2
,,,-0.0342,0.12
,,,-0.0341,0.08
,,,-0.034,0
,,,-0.0339,-0.04
,,,-0.0338,-0.12
,,,-0.0337,-0.12
,,,-0.0336,-0.16
,,,-0.0335,-0.16
,,,-0.0334,-0.2
,,,-0.0333,-0.24
,,,-0.0332,-0.28
,,,-0.0331,-0.28
,,,-0.033,-0.36
,,,-0.0329,-0.36
,,,-0.0328,-0.44
,,,-0.0327,-0.48
,,,-0.0326,-0.56
,,,-0.0325,-0.64
,,,-0.0324,-0.68
,,,-0.0323,-0.76
,,,-0.0322,-0.84
,,,-0.0321,-0.92
,,,-0.032,-0.92
,,,-0.0319,-1
,,,-0.0318,-1
,,,-0.0317,-1.04
,,,-0.0316,-1.08
,,,-0.0315,-1.08
,,,-0.0314,-1.12
,,,-0.0313,-1.16
,,,-0.0312,-1.16
,,,-0.0311,-1.16
,,,-0.031,-1.16
,,,-0.0309,-1.16
,,,-0.0308,-1.2
,,,-0.0307,-1.24
,,,-0.0306,-1.24
,,,-0.0305,-1.24
,,,-0.0304,-1.24
,,,-0.0303,-1.28
,,,-0.0302,-1.28
,,,-0.0301,-1.32
,,,-0.03,-1.36
,,,-0.0299,-1.4
,,,-0.0298,-1.4
,,,-0.0297,-1.44
,,,-0.0296,-1.48
,,,-0.0295,-1.52
,,,-0.0294,-1.56
,,,-0.0293,-1.56
,,,-0.0292,-1.6
,,,-0.0291,-1.64
,,,-0.029,-1.64
,,,-0.0289,-1.6
,,,-0.0288,-1.6
,,,-0.0287,-1.56
,,,-0.0286,-1.52
,,,-0.0285,-1.48
,,,-0.0284,-1.4
,,,-0.0283,-1.36
,,,-0.0282,-1.32
,,,-0.0281,-1.28
,,,-0.028,-1.24
,,,-0.0279,-1.12
,,,-0.0278,-1.04
,,,-0.0277,-0.88
,,,-0.0276,-0.56
,,,-0.0275,-0.36
,,,-0.0274,-0.24
,,,-0.0273,-0.12
,,,-0.0272,-0.04
,,,-0.0271,0
,,,-0.027,0.04
,,,-0.0269,0.08
,,,-0.0268,0.12
,,,-0.0267,0.12
,,,-0.0266,0.12
,,,-0.0265,0.12
,,,-0.0264,0.12
,,,-0.0263,0.16
,,,-0.0262,0.16
,,,-0.0261,0.16
,,,-0.026,0.16
,,,-0.0259,0.16
,,,-0.0258,0.16
,,,-0.0257,0.12
,,,-0.0256,0.12
,,,-0.0255,0.12
,,,-0.0254,0.16
,,,-0.0253,0.16
,,,-0.0252,0.12
,,,-0.0251,0.12
,,,-0.025,0.12
,,,-0.0249,0.12
,,,-0.0248,0.08
,,,-0.0247,0.12
,,,-0.0246,0.12
,,,-0.0245,0.12
,,,-0.0244,0.08
,,,-0.0243,0.08
,,,-0.0242,0.08
,,,-0.0241,0.08
,,,-0.024,0.08
,,,-0.0239,0.08
,,,-0.0238,0.08
,,,-0.0237,0.08
,,,-0.0236,0.04
,,,-0.0235,0.04
,,,-0.0234,0
,,,-0.0233,0.04
,,,-0.0232,0.04
,,,-0.0231,0.04
,,,-0.023,0.04
,,,-0.0229,0.04
,,,-0.0228,0.04
,,,-0.0227,0.04
,,,-0.0226,0.04
,,,-0.0225,0.12
,,,-0.0224,0.08
,,,-0.0223,0.04
,,,-0.0222,0.04
,,,-0.0221,0.04
,,,-0.022,0.04
,,,-0.0219,0.04
,,,-0.0218,0.04
,,,-0.0217,0
,,,-0.0216,0.04
,,,-0.0215,0.08
,,,-0.0214,0.08
,,,-0.0213,0
,,,-0.0212,0
,,,-0.0211,0
,,,-0.021,0
,,,-0.0209,0.04
,,,-0.0208,0
,,,-0.0207,0
,,,-0.0206,0
,,,-0.0205,0
,,,-0.0204,0.04
,,,-0.0203,0.04
,,,-0.0202,0.04
,,,-0.0201,0.04
,,,-0.02,0
,,,-0.0199,0.04
,,,-0.0198,0.04
,,,-0.0197,0
,,,-0.0196,0.04
,,,-0.0195,0.04
,,,-0.0194,0.04
,,,-0.0193,0.04
,,,-0.0192,0.04
,,,-0.0191,0.04
,,,-0.019,0
,,,-0.0189,0
,,,-0.0188,0.04
,,,-0.0187,0.04
,,,-0.0186,0.04
,,,-0.0185,0.04
,,,-0.0184,0.04
,,,-0.0183,0.04
,,,-0.0182,0.04
,,,-0.0181,0
,,,-0.018,0
,,,-0.0179,0.04
,,,-0.0178,0.04
,,,-0.0177,0.04
,,,-0.0176,0.04
,,,-0.0175,0.04
,,,-0.0174,0.04
,,,-0.0173,0.04
,,,-0.0172,0.04
,,,-0.0171,0.04
,,,-0.017,0.04
,,,-0.0169,0.04
,,,-0.0168,0.04
,,,-0.0167,0.04
,,,-0.0166,0.04
,,,-0.0165,0.04
,,,-0.0164,0.04
,,,-0.0163,0.04
,,,-0.0162,0.04
,,,-0.0161,0.04
,,,-0.016,0.04
,,,-0.0159,0.04
,,,-0.0158,0.04
,,,-0.0157,0.04
,,,-0.0156,0
,,,-0.0155,0.04
,,,-0.0154,0.04
,,,-0.0153,0.04
,,,-0.0152,0.04
,,,-0.0151,0.04
,,,-0.015,0.04
,,,-0.0149,0.04
,,,-0.0148,0.04
,,,-0.0147,0.04
,,,-0.0146,0
,,,-0.0145,0
,,,-0.0144,0
,,,-0.0143,0.04
,,,-0.0142,0.04
,,,-0.0141,0
,,,-0.014,0.04
,,,-0.0139,0.04
,,,-0.0138,0
,,,-0.0137,0
,,,-0.0136,0.04
,,,-0.0135,0
,,,-0.0134,0.04
,,,-0.0133,0.04
,,,-0.0132,0.04
,,,-0.0131,0.04
,,,-0.013,0.08
,,,-0.0129,0.08
,,,-0.0128,0.08
,,,-0.0127,0.12
,,,-0.0126,0.12
,,,-0.0125,0.12
,,,-0.0124,0.12
,,,-0.0123,0.12
,,,-0.0122,0.12
,,,-0.0121,0.12
,,,-0.012,0.08
,,,-0.0119,0.04
,,,-0.0118,0.04
,,,-0.0117,0.04
,,,-0.0116,0
,,,-0.0115,0.04
,,,-0.0114,0
,,,-0.0113,0
,,,-0.0112,0
,,,-0.0111,0
,,,-0.011,0
,,,-0.0109,-0.04
,,,-0.0108,-0.04
,,,-0.0107,0
,,,-0.0106,0
,,,-0.0105,-0.04
,,,-0.0104,0
,,,-0.0103,0
,,,-0.0102,-0.04
,,,-0.0101,-0.04
,,,-0.01,-0.04
,,,-0.0099,-0.04
,,,-0.0098,0
,,,-0.0097,-0.04
,,,-0.0096,0
,,,-0.0095,0
,,,-0.0094,0
,,,-0.0093,-0.04
,,,-0.0092,-0.04
,,,-0.0091,0
,,,-0.009,0
,,,-0.0089,-0.04
,,,-0.0088,-0.04
,,,-0.0087,-0.04
,,,-0.0086,-0.04
,,,-0.0085,-0.04
,,,-0.0084,-0.04
,,,-0.0083,-0.04
,,,-0.0082,-0.04
,,,-0.0081,-0.04
,,,-0.008,-0.04
,,,-0.0079,-0.04
,,,-0.0078,-0.04
,,,-0.0077,0
,,,-0.0076,-0.04
,,,-0.0075,-0.04
,,,-0.0074,-0.04
,,,-0.0073,-0.04
,,,-0.0072,-0.04
,,,-0.0071,-0.04
,,,-0.007,0
,,,-0.0069,-0.04
,,,-0.0068,0
,,,-0.0067,0
,,,-0.0066,0
,,,-0.0065,0
,,,-0.0064,0
,,,-0.0063,0
,,,-0.0062,0
,,,-0.0061,0
,,,-0.006,-0.04
,,,-0.0059,0
,,,-0.0058,0
,,,-0.0057,-0.04
,,,-0.0056,-0.08
,,,-0.0055,-0.04
,,,-0.0054,-0.04
,,,-0.0053,0
,,,-0.0052,0
,,,-0.0051,-0.04
,,,-0.005,-0.04
,,,-0.0049,-0.04
,,,-0.0048,-0.04
,,,-0.0047,-0.04
,,,-0.0046,-0.04
,,,-0.0045,-0.08
,,,-0.0044,-0.12
,,,-0.0043,-0.12
,,,-0.0042,-0.12
,,,-0.0041,-0.08
,,,-0.004,-0.08
,,,-0.0039,-0.12
,,,-0.0038,-0.16
,,,-0.0037,-0.2
,,,-0.0036,-0.2
,,,-0.0035,-0.16
,,,-0.0034,-0.16
,,,-0.0033,-0.08
,,,-0.0032,-0.04
,,,-0.0031,-0.04
,,,-0.003,0.04
,,,-0.0029,0
,,,-0.0028,0
,,,-0.0027,0
,,,-0.0026,0
,,,-0.0025,0.04
,,,-0.0024,0
,,,-0.0023,0
,,,-0.0022,0
,,,-0.0021,-0.04
,,,-0.002,-0.12
,,,-0.0019,-0.16
,,,-0.0018,-0.2
,,,-0.0017,-0.28
,,,-0.0016,-0.32
,,,-0.0015,-0.36
,,,-0.0014,-0.36
,,,-0.0013,-0.4
,,,-0.0012,-0.4
,,,-0.0011,-0.4
,,,-0.001,-0.44
,,,-0.0009,-0.4
,,,-0.0008,-0.32
,,,-0.0007,-0.12
,,,-0.0006,0.12
,,,-0.0005,0.24
,,,-0.0004,0.4
,,,-0.0003,0.44
,,,-0.0002,0.44
,,,-0.0001,0.48
,,,0,0.56
,,,0.0001,0.76
,,,0.0002,0.92
,,,0.0003,1.08
,,,0.0004,1.24
,,,0.0005,1.4
,,,0.0006,1.6
,,,0.0007,1.76
,,,0.0008,1.88
,,,0.0009,1.92
,,,0.001,1.96
,,,0.0011,1.88
,,,0.0012,1.88
,,,0.0013,1.76
,,,0.0014,1.6
,,,0.0015,1.52
,,,0.0016,1.4
,,,0.0017,1.28
,,,0.0018,1.24
,,,0.0019,1.28
,,,0.002,1.32
,,,0.0021,1.44
,,,0.0022,1.6
,,,0.0023,1.68
,,,0.0024,1.76
,,,0.0025,1.76
,,,0.0026,1.72
,,,0.0027,1.68
,,,0.0028,1.6
,,,0.0029,1.48
,,,0.003,1.36
,,,0.0031,1.24
,,,0.0032,1.16
,,,0.0033,1.12
,,,0.0034,1.12
,,,0.0035,1.12
,,,0.0036,1.12
,,,0.0037,1.16
,,,0.0038,1.16
,,,0.0039,1.2
,,,0.004,1.16
,,,0.0041,1.12
,,,0.0042,1.04
,,,0.0043,0.96
,,,0.0044,0.84
,,,0.0045,0.72
,,,0.0046,0.64
,,,0.0047,0.52
,,,0.0048,0.44
,,,0.0049,0.4
,,,0.005,0.36
,,,0.0051,0.32
,,,0.0052,0.32
,,,0.0053,0.28
,,,0.0054,0.28
,,,0.0055,0.24
,,,0.0056,0.24
,,,0.0057,0.2
,,,0.0058,0.12
,,,0.0059,0.08
,,,0.006,0.04
,,,0.0061,-0.04
,,,0.0062,-0.08
,,,0.0063,-0.12
,,,0.0064,-0.16
,,,0.0065,-0.16
,,,0.0066,-0.2
,,,0.0067,-0.24
,,,0.0068,-0.28
,,,0.0069,-0.32
,,,0.007,-0.32
,,,0.0071,-0.4
,,,0.0072,-0.4
,,,0.0073,-0.48
,,,0.0074,-0.52
,,,0.0075,-0.64
,,,0.0076,-0.72
,,,0.0077,-0.76
,,,0.0078,-0.84
,,,0.0079,-0.88
,,,0.008,-0.92
,,,0.0081,-0.96
,,,0.0082,-1
,,,0.0083,-1.04
,,,0.0084,-1.08
,,,0.0085,-1.08
,,,0.0086,-1.12
,,,0.0087,-1.16
,,,0.0088,-1.16
,,,0.0089,-1.16
,,,0.009,-1.16
,,,0.0091,-1.16
,,,0.0092,-1.24
,,,0.0093,-1.24
,,,0.0094,-1.24
,,,0.0095,-1.24
,,,0.0096,-1.28
,,,0.0097,-1.28
,,,0.0098,-1.28
,,,0.0099,-1.32
,,,0.01,-1.32
,,,0.0101,-1.36
,,,0.0102,-1.4
,,,0.0103,-1.44
,,,0.0104,-1.48
,,,0.0105,-1.48
,,,0.0106,-1.56
,,,0.0107,-1.56
,,,0.0108,-1.6
,,,0.0109,-1.64
,,,0.011,-1.64
,,,0.0111,-1.6
,,,0.0112,-1.6
,,,0.0113,-1.6
,,,0.0114,-1.52
,,,0.0115,-1.52
,,,0.0116,-1.44
,,,0.0117,-1.36
,,,0.0118,-1.32
,,,0.0119,-1.28
,,,0.012,-1.24
,,,0.0121,-1.16
,,,0.0122,-1.04
,,,0.0123,-0.88
,,,0.0124,-0.64
,,,0.0125,-0.36
,,,0.0126,-0.24
,,,0.0127,-0.12
,,,0.0128,-0.04
,,,0.0129,0
,,,0.013,0.04
,,,0.0131,0.08
,,,0.0132,0.12
,,,0.0133,0.12
,,,0.0134,0.12
,,,0.0135,0.12
,,,0.0136,0.12
,,,0.0137,0.16
,,,0.0138,0.16
,,,0.0139,0.12
,,,0.014,0.16
,,,0.0141,0.16
,,,0.0142,0.16
,,,0.0143,0.16
,,,0.0144,0.16
,,,0.0145,0.16
,,,0.0146,0.12
,,,0.0147,0.12
,,,0.0148,0.12
,,,0.0149,0.12
,,,0.015,0.12
,,,0.0151,0.12
,,,0.0152,0.12
,,,0.0153,0.12
,,,0.0154,0.12
,,,0.0155,0.08
,,,0.0156,0.08
,,,0.0157,0.08
,,,0.0158,0.08
,,,0.0159,0.08
,,,0.016,0.08
,,,0.0161,0.08
,,,0.0162,0.08
,,,0.0163,0.08
,,,0.0164,0.04
,,,0.0165,0.04
,,,0.0166,0.04
,,,0.0167,0
,,,0.0168,0
,,,0.0169,0.04
,,,0.017,0.04
,,,0.0171,0.04
,,,0.0172,0.04
,,,0.0173,0.04
,,,0.0174,0.08
,,,0.0175,0.08
,,,0.0176,0.08
,,,0.0177,0.08
,,,0.0178,0.04
,,,0.0179,0.08
,,,0.018,0.04
,,,0.0181,0.04
,,,0.0182,0.04
,,,0.0183,0
,,,0.0184,0
,,,0.0185,0.04
,,,0.0186,0.04
,,,0.0187,0.04
,,,0.0188,0
,,,0.0189,0
,,,0.019,0
,,,0.0191,0
,,,0.0192,0.04
,,,0.0193,0
,,,0.0194,0
,,,0.0195,0
,,,0.0196,0.04
,,,0.0197,0.04
,,,0.0198,0
,,,0.0199,0
,,,0.02,0
,,,0.0201,0
,,,0.0202,0.04
,,,0.0203,0.04
,,,0.0204,0.04
,,,0.0205,0.04
,,,0.0206,0.04
,,,0.0207,0.04
,,,0.0208,0.04
,,,0.0209,0.04
,,,0.021,0.04
,,,0.0211,0
,,,0.0212,0.04
,,,0.0213,0.04
,,,0.0214,0.04
,,,0.0215,0.04
,,,0.0216,0.04
,,,0.0217,0.04
,,,0.0218,0
,,,0.0219,0.04
,,,0.022,0.04
,,,0.0221,0
,,,0.0222,0.04
,,,0.0223,0.04
,,,0.0224,0.04
,,,0.0225,0.04
,,,0.0226,0.04
,,,0.0227,0.04
,,,0.0228,0.04
,,,0.0229,0.04
,,,0.023,0.04
,,,0.0231,0.04
,,,0.0232,0.04
,,,0.0233,0.04
,,,0.0234,0.04
,,,0.0235,0.04
,,,0.0236,0.04
,,,0.0237,0.04
,,,0.0238,0
,,,0.0239,0.04
,,,0.024,0.04
,,,0.0241,0.04
,,,0.0242,0.04
,,,0.0243,0.04
,,,0.0244,0.04
,,,0.0245,0.04
,,,0.0246,0.04
,,,0.0247,0.04
,,,0.0248,0.04
,,,0.0249,0.04
,,,0.025,0
,,,0.0251,0.04
,,,0.0252,0
,,,0.0253,0.04
,,,0.0254,0.04
,,,0.0255,0.04
,,,0.0256,0.04
,,,0.0257,0.04
,,,0.0258,0.04
,,,0.0259,0.04
,,,0.026,0.04
,,,0.0261,0
,,,0.0262,0
,,,0.0263,0
,,,0.0264,0
,,,0.0265,0.04
,,,0.0266,0.04
,,,0.0267,0.04
,,,0.0268,0.04
,,,0.0269,0.04
,,,0.027,0.08
,,,0.0271,0.08
,,,0.0272,0.08
,,,0.0273,0.12
,,,0.0274,0.12
,,,0.0275,0.12
,,,0.0276,0.12
,,,0.0277,0.12
,,,0.0278,0.12
,,,0.0279,0.12
,,,0.028,0.12
,,,0.0281,0.08
,,,0.0282,0.04
,,,0.0283,0
,,,0.0284,0
,,,0.0285,0
,,,0.0286,0
,,,0.0287,-0.04
,,,0.0288,0
,,,0.0289,0
,,,0.029,-0.04
,,,0.0291,-0.04
,,,0.0292,0
,,,0.0293,-0.04
,,,0.0294,-0.04
,,,0.0295,0
,,,0.0296,0
,,,0.0297,-0.04
,,,0.0298,-0.04
,,,0.0299,-0.04
,,,0.03,-0.04
,,,0.0301,-0.04
,,,0.0302,-0.04
,,,0.0303,-0.04
,,,0.0304,-0.04
,,,0.0305,-0.04
,,,0.0306,0
,,,0.0307,-0.04
,,,0.0308,-0.04
,,,0.0309,-0.04
,,,0.031,-0.04
,,,0.0311,0
,,,0.0312,0
,,,0.0313,-0.04
,,,0.0314,-0.04
,,,0.0315,-0.04
,,,0.0316,0
,,,0.0317,-0.04
,,,0.0318,0
,,,0.0319,-0.04
,,,0.032,-0.04
,,,0.0321,-0.04
,,,0.0322,-0.04
,,,0.0323,-0.04
,,,0.0324,-0.04
,,,0.0325,-0.04
,,,0.0326,-0.04
,,,0.0327,-0.04
,,,0.0328,0
,,,0.0329,0
,,,0.033,-0.04
,,,0.0331,-0.04
,,,0.0332,-0.04
,,,0.0333,-0.04
,,,0.0334,0
,,,0.0335,-0.04
,,,0.0336,0
,,,0.0337,0
,,,0.0338,0
,,,0.0339,0
,,,0.034,-0.04
,,,0.0341,0
,,,0.0342,0
,,,0.0343,-0.04
,,,0.0344,-0.08
,,,0.0345,-0.04
,,,0.0346,0
,,,0.0347,0
,,,0.0348,0
,,,0.0349,-0.04
,,,0.035,-0.04
,,,0.0351,-0.04
,,,0.0352,-0.04
,,,0.0353,-0.04
,,,0.0354,-0.04
,,,0.0355,-0.08
,,,0.0356,-0.12
,,,0.0357,-0.12
,,,0.0358,-0.12
,,,0.0359,-0.08
,,,0.036,-0.12
,,,0.0361,-0.12
,,,0.0362,-0.12
,,,0.0363,-0.2
,,,0.0364,-0.2
,,,0.0365,-0.16
,,,0.0366,-0.16
,,,0.0367,-0.08
,,,0.0368,-0.04
,,,0.0369,-0.04
,,,0.037,0.04
,,,0.0371,0.04
,,,0.0372,0
,,,0.0373,0
,,,0.0374,0.04
,,,0.0375,0.04
,,,0.0376,0.04
,,,0.0377,0
,,,0.0378,-0.04
,,,0.0379,-0.08
,,,0.038,-0.08
,,,0.0381,-0.16
,,,0.0382,-0.2
,,,0.0383,-0.28
,,,0.0384,-0.32
,,,0.0385,-0.36
,,,0.0386,-0.36
,,,0.0387,-0.4
,,,0.0388,-0.4
,,,0.0389,-0.4
,,,0.039,-0.4
,,,0.0391,-0.4
,,,0.0392,-0.32
,,,0.0393,-0.16
,,,0.0394,0.08
,,,0.0395,0.28
,,,0.0396,0.36
,,,0.0397,0.44
,,,0.0398,0.44
,,,0.0399,0.48
,,,0.04,0.56
,,,0.0401,0.76
,,,0.0402,0.92
,,,0.0403,1.04
,,,0.0404,1.24
,,,0.0405,1.44
,,,0.0406,1.6
,,,0.0407,1.72
,,,0.0408,1.88
,,,0.0409,1.96
,,,0.041,1.96
,,,0.0411,1.92
,,,0.0412,1.8
,,,0.0413,1.72
,,,0.0414,1.6
,,,0.0415,1.52
,,,0.0416,1.4
,,,0.0417,1.32
,,,0.0418,1.24
,,,0.0419,1.24
,,,0.042,1.32
,,,0.0421,1.48
,,,0.0422,1.6
,,,0.0423,1.72
,,,0.0424,1.76
,,,0.0425,1.76
,,,0.0426,1.72
,,,0.0427,1.68
,,,0.0428,1.6
,,,0.0429,1.52
,,,0.043,1.4
,,,0.0431,1.24
,,,0.0432,1.16
,,,0.0433,1.12
,,,0.0434,1.08
,,,0.0435,1.12
,,,0.0436,1.16
,,,0.0437,1.16
,,,0.0438,1.16
,,,0.0439,1.16
,,,0.044,1.16
,,,0.0441,1.12
,,,0.0442,1.04
,,,0.0443,0.96
,,,0.0444,0.84
,,,0.0445,0.72
,,,0.0446,0.64
,,,0.0447,0.52
,,,0.0448,0.44
,,,0.0449,0.4
,,,0.045,0.36
,,,0.0451,0.32
,,,0.0452,0.32
,,,0.0453,0.32
,,,0.0454,0.28
,,,0.0455,0.28
,,,0.0456,0.24
,,,0.0457,0.2
,,,0.0458,0.12
,,,0.0459,0.04
,,,0.046,0.04
,,,0.0461,-0.04
,,,0.0462,-0.08
,,,0.0463,-0.12
,,,0.0464,-0.16
,,,0.0465,-0.2
,,,0.0466,-0.24
,,,0.0467,-0.24
,,,0.0468,-0.28
,,,0.0469,-0.32
,,,0.047,-0.32
,,,0.0471,-0.4
,,,0.0472,-0.4
,,,0.0473,-0.48
,,,0.0474,-0.56
,,,0.0475,-0.6
,,,0.0476,-0.72
,,,0.0477,-0.76
,,,0.0478,-0.84
,,,0.0479,-0.88
,,,0.048,-0.96
,,,0.0481,-0.96
,,,0.0482,-1.04
,,,0.0483,-1.08
,,,0.0484,-1.04
,,,0.0485,-1.08
,,,0.0486,-1.12
,,,0.0487,-1.16
,,,0.0488,-1.16
,,,0.0489,-1.16
,,,0.049,-1.16
,,,0.0491,-1.16
,,,0.0492,-1.2
,,,0.0493,-1.2
,,,0.0494,-1.24
,,,0.0495,-1.24
,,,0.0496,-1.24
,,,0.0497,-1.28
,,,0.0498,-1.28
,,,0.0499,-1.32
,,,0.05,-1.32
,,,0.0501,-1.36
,,,0.0502,-1.4
,,,0.0503,-1.44
,,,0.0504,-1.48
,,,0.0505,-1.52
,,,0.0506,-1.52
,,,0.0507,-1.6
,,,0.0508,-1.6
,,,0.0509,-1.6
,,,0.051,-1.6
,,,0.0511,-1.6
,,,0.0512,-1.6
,,,0.0513,-1.56
,,,0.0514,-1.52
,,,0.0515,-1.48
,,,0.0516,-1.44
,,,0.0517,-1.36
,,,0.0518,-1.32
,,,0.0519,-1.28
,,,0.052,-1.24
,,,0.0521,-1.12
,,,0.0522,-1.04
,,,0.0523,-0.92
,,,0.0524,-0.64
,,,0.0525,-0.4
,,,0.0526,-0.24
,,,0.0527,-0.12
,,,0.0528,-0.04
,,,0.0529,0
,,,0.053,0.04
,,,0.0531,0.12
,,,0.0532,0.12
,,,0.0533,0.12
,,,0.0534,0.12
,,,0.0535,0.12
,,,0.0536,0.12
,,,0.0537,0.16
,,,0.0538,0.16
,,,0.0539,0.12
,,,0.054,0.12
,,,0.0541,0.12
,,,0.0542,0.16
,,,0.0543,0.16
,,,0.0544,0.12
,,,0.0545,0.12
,,,0.0546,0.12
,,,0.0547,0.12
,,,0.0548,0.12
,,,0.0549,0.12
,,,0.055,0.12
,,,0.0551,0.12
,,,0.0552,0.12
,,,0.0553,0.12
,,,0.0554,0.08
,,,0.0555,0.08
,,,0.0556,0.04
,,,0.0557,0.04
,,,0.0558,0.08
,,,0.0559,0.08
,,,0.056,0.04
,,,0.0561,0.08
,,,0.0562,0.08
,,,0.0563,0.08
,,,0.0564,0.08
,,,0.0565,0.04
,,,0.0566,0.04
,,,0.0567,0
,,,0.0568,0.04
,,,0.0569,0
,,,0.057,0.04
,,,0.0571,0.04
,,,0.0572,0.04
,,,0.0573,0.04
,,,0.0574,0.04
,,,0.0575,0.08
,,,0.0576,0.08
,,,0.0577,0.08
,,,0.0578,0.04
,,,0.0579,0.04
,,,0.058,0.08
,,,0.0581,0.04
,,,0.0582,0.04
,,,0.0583,0.04
,,,0.0584,0.04
,,,0.0585,0.08
,,,0.0586,0.04
,,,0.0587,0
,,,0.0588,0
,,,0.0589,0
,,,0.059,0.04
,,,0.0591,0.04
,,,0.0592,0
,,,0.0593,0
,,,0.0594,0
,,,0.0595,0
,,,0.0596,0
,,,0.0597,0.04
,,,0.0598,0.04
,,,0.0599,0
,,,0.06,0
,,,0.0601,0.04
,,,0.0602,0.04
,,,0.0603,0.04
,,,0.0604,0.04
,,,0.0605,0
,,,0.0606,0.04
,,,0.0607,0.04
,,,0.0608,0.04
,,,0.0609,0.04
,,,0.061,0.04
,,,0.0611,0.04
,,,0.0612,0.04
,,,0.0613,0.04
,,,0.0614,0.04
,,,0.0615,0.04
,,,0.0616,0.04
,,,0.0617,0.04
,,,0.0618,0
,,,0.0619,0.04
,,,0.062,0.04
,,,0.0621,0.04
,,,0.0622,0
,,,0.0623,0.04
,,,0.0624,0.04
,,,0.0625,0.04
,,,0.0626,0.04
,,,0.0627,0.04
,,,0.0628,0.04
,,,0.0629,0.04
,,,0.063,0.04
,,,0.0631,0.04
,,,0.0632,0.04
,,,0.0633,0.04
,,,0.0634,0.04
,,,0.0635,0
,,,0.0636,0.04
,,,0.0637,0.04
,,,0.0638,0.04
,,,0.0639,0.04
,,,0.064,0.04
,,,0.0641,0.04
,,,0.0642,0.04
,,,0.0643,0.04
,,,0.0644,0
,,,0.0645,0.04
,,,0.0646,0.04
,,,0.0647,0.04
,,,0.0648,0.04
,,,0.0649,0.04
,,,0.065,0.04
,,,0.0651,0.04
,,,0.0652,0
,,,0.0653,0.04
,,,0.0654,0.04
,,,0.0655,0
,,,0.0656,0.04
,,,0.0657,0
,,,0.0658,0.04
,,,0.0659,0.04
,,,0.066,0.04
,,,0.0661,0.04
,,,0.0662,0.04
,,,0.0663,0.04
,,,0.0664,0
,,,0.0665,0
,,,0.0666,0
,,,0.0667,0.04
,,,0.0668,0.04
,,,0.0669,0.04
,,,0.067,0.08
,,,0.0671,0.08
,,,0.0672,0.12
,,,0.0673,0.12
,,,0.0674,0.12
,,,0.0675,0.12
,,,0.0676,0.12
,,,0.0677,0.12
,,,0.0678,0.12
,,,0.0679,0.12
,,,0.068,0.08
,,,0.0681,0.08
,,,0.0682,0.04
,,,0.0683,0.04
,,,0.0684,0
,,,0.0685,0
,,,0.0686,0
,,,0.0687,0
,,,0.0688,0
,,,0.0689,0
,,,0.069,0
,,,0.0691,-0.04
,,,0.0692,-0.04
,,,0.0693,-0.04
,,,0.0694,0
,,,0.0695,0
,,,0.0696,0
,,,0.0697,0
,,,0.0698,-0.04
,,,0.0699,-0.04
,,,0.07,-0.04
,,,0.0701,-0.04
,,,0.0702,-0.04
,,,0.0703,0
,,,0.0704,0
,,,0.0705,-0.04
,,,0.0706,-0.04
,,,0.0707,-0.04
,,,0.0708,-0.04
,,,0.0709,-0.04
,,,0.071,-0.04
,,,0.0711,-0.04
,,,0.0712,-0.04
,,,0.0713,-0.04
,,,0.0714,-0.04
,,,0.0715,-0.04
,,,0.0716,-0.04
,,,0.0717,-0.04
,,,0.0718,-0.04
,,,0.0719,-0.04
,,,0.072,-0.04
,,,0.0721,-0.04
,,,0.0722,-0.04
,,,0.0723,-0.04
,,,0.0724,-0.04
,,,0.0725,-0.04
,,,0.0726,-0.04
,,,0.0727,-0.04
,,,0.0728,0
,,,0.0729,-0.04
,,,0.073,-0.04
,,,0.0731,-0.04
,,,0.0732,-0.04
,,,0.0733,0
,,,0.0734,0
,,,0.0735,-0.04
,,,0.0736,0
,,,0.0737,0
,,,0.0738,0
,,,0.0739,0
,,,0.074,0
,,,0.0741,0
,,,0.0742,-0.04
,,,0.0743,-0.04
,,,0.0744,-0.08
,,,0.0745,-0.04
,,,0.0746,0
,,,0.0747,0
,,,0.0748,0
,,,0.0749,-0.04
,,,0.075,-0.04
,,,0.0751,-0.04
,,,0.0752,-0.04
,,,0.0753,-0.04
,,,0.0754,-0.04
,,,0.0755,-0.08
,,,0.0756,-0.08
,,,0.0757,-0.12
,,,0.0758,-0.12
,,,0.0759,-0.08
,,,0.076,-0.12
,,,0.0761,-0.12
,,,0.0762,-0.16
,,,0.0763,-0.2
,,,0.0764,-0.16
,,,0.0765,-0.16
,,,0.0766,-0.16
,,,0.0767,-0.08
,,,0.0768,-0.04
,,,0.0769,-0.04
,,,0.077,0.04
,,,0.0771,0
,,,0.0772,-0.04
,,,0.0773,0
,,,0.0774,0
,,,0.0775,0
,,,0.0776,0.04
,,,0.0777,0
,,,0.0778,0
,,,0.0779,-0.08
,,,0.078,-0.12
,,,0.0781,-0.16
,,,0.0782,-0.2
,,,0.0783,-0.28
,,,0.0784,-0.32
,,,0.0785,-0.32
,,,0.0786,-0.36
,,,0.0787,-0.36
,,,0.0788,-0.4
,,,0.0789,-0.4
,,,0.079,-0.44
,,,0.0791,-0.4
,,,0.0792,-0.32
,,,0.0793,-0.16
,,,0.0794,0.08
,,,0.0795,0.24
,,,0.0796,0.36
,,,0.0797,0.44
,,,0.0798,0.44
,,,0.0799,0.48
,,,0.08,0.56
,,,0.0801,0.76
,,,0.0802,0.92
,,,0.0803,1.04
,,,0.0804,1.24
,,,0.0805,1.4
,,,0.0806,1.6
,,,0.0807,1.72
,,,0.0808,1.88
,,,0.0809,1.96
,,,0.081,2
,,,0.0811,1.92
,,,0.0812,1.84
,,,0.0813,1.72
,,,0.0814,1.64
,,,0.0815,1.56
,,,0.0816,1.4
,,,0.0817,1.32
,,,0.0818,1.24
,,,0.0819,1.24
,,,0.082,1.32
,,,0.0821,1.44
,,,0.0822,1.56
,,,0.0823,1.68
,,,0.0824,1.76
,,,0.0825,1.76
,,,0.0826,1.72
,,,0.0827,1.68
,,,0.0828,1.6
,,,0.0829,1.48
,,,0.083,1.36
,,,0.0831,1.24
,,,0.0832,1.2
,,,0.0833,1.12
,,,0.0834,1.12
,,,0.0835,1.08
,,,0.0836,1.12
,,,0.0837,1.16
,,,0.0838,1.16
,,,0.0839,1.16
,,,0.084,1.16
,,,0.0841,1.12
,,,0.0842,1.04
,,,0.0843,0.96
,,,0.0844,0.84
,,,0.0845,0.76
,,,0.0846,0.64
,,,0.0847,0.52
,,,0.0848,0.44
,,,0.0849,0.4
,,,0.085,0.36
,,,0.0851,0.32
,,,0.0852,0.32
,,,0.0853,0.28
,,,0.0854,0.28
,,,0.0855,0.24
,,,0.0856,0.24
,,,0.0857,0.2
,,,0.0858,0.12
,,,0.0859,0.08
,,,0.086,0
,,,0.0861,-0.04
,,,0.0862,-0.08
,,,0.0863,-0.12
,,,0.0864,-0.16
,,,0.0865,-0.2
,,,0.0866,-0.2
,,,0.0867,-0.24
,,,0.0868,-0.28
,,,0.0869,-0.32
,,,0.087,-0.32
,,,0.0871,-0.36
,,,0.0872,-0.44
,,,0.0873,-0.48
,,,0.0874,-0.52
,,,0.0875,-0.6
,,,0.0876,-0.72
,,,0.0877,-0.76
,,,0.0878,-0.84
,,,0.0879,-0.88
,,,0.088,-0.92
,,,0.0881,-0.96
,,,0.0882,-1
,,,0.0883,-1.04
,,,0.0884,-1.08
,,,0.0885,-1.12
,,,0.0886,-1.12
,,,0.0887,-1.12
,,,0.0888,-1.16
,,,0.0889,-1.16
,,,0.089,-1.16
,,,0.0891,-1.16
,,,0.0892,-1.2
,,,0.0893,-1.24
,,,0.0894,-1.24
,,,0.0895,-1.24
,,,0.0896,-1.24
,,,0.0897,-1.28
,,,0.0898,-1.28
,,,0.0899,-1.32
,,,0.09,-1.32
,,,0.0901,-1.36
,,,0.0902,-1.4
,,,0.0903,-1.44
,,,0.0904,-1.44
,,,0.0905,-1.52
,,,0.0906,-1.52
,,,0.0907,-1.56
,,,0.0908,-1.6
,,,0.0909,-1.6
,,,0.091,-1.6
,,,0.0911,-1.6
,,,0.0912,-1.6
,,,0.0913,-1.6
,,,0.0914,-1.56
,,,0.0915,-1.48
,,,0.0916,-1.44
,,,0.0917,-1.36
,,,0.0918,-1.28
,,,0.0919,-1.28
,,,0.092,-1.24
,,,0.0921,-1.16
,,,0.0922,-1.04
,,,0.0923,-0.92
,,,0.0924,-0.64
,,,0.0925,-0.44
,,,0.0926,-0.24
,,,0.0927,-0.12
,,,0.0928,-0.04
,,,0.0929,0
,,,0.093,0.04
,,,0.0931,0.08
,,,0.0932,0.12
,,,0.0933,0.12
,,,0.0934,0.12
,,,0.0935,0.12
,,,0.0936,0.16
,,,0.0937,0.16
,,,0.0938,0.16
,,,0.0939,0.16
,,,0.094,0.16
,,,0.0941,0.12
,,,0.0942,0.16
,,,0.0943,0.16
,,,0.0944,0.16
,,,0.0945,0.12
,,,0.0946,0.12
,,,0.0947,0.12
,,,0.0948,0.12
,,,0.0949,0.12
,,,0.095,0.12
,,,0.0951,0.12
,,,0.0952,0.12
,,,0.0953,0.12
,,,0.0954,0.12
,,,0.0955,0.08
,,,0.0956,0.08
,,,0.0957,0.08
,,,0.0958,0.08
,,,0.0959,0.08
,,,0.096,0.08
,,,0.0961,0.12
,,,0.0962,0.08
,,,0.0963,0.04
,,,0.0964,0.08
,,,0.0965,0.04
,,,0.0966,0.04
,,,0.0967,0.04
,,,0.0968,0.04
,,,0.0969,0.04
,,,0.097,0.04
,,,0.0971,0.04
,,,0.0972,0.04
,,,0.0973,0.04
,,,0.0974,0.04
,,,0.0975,0.08
,,,0.0976,0.08
,,,0.0977,0.08
,,,0.0978,0.04
,,,0.0979,0.04
,,,0.098,0.04
,,,0.0981,0.04
,,,0.0982,0.04
,,,0.0983,0.04
,,,0.0984,0.04
,,,0.0985,0.04
,,,0.0986,0.04
,,,0.0987,0
,,,0.0988,-0.04
,,,0.0989,0
,,,0.099,0
,,,0.0991,0
,,,0.0992,0
,,,0.0993,0
,,,0.0994,0
,,,0.0995,0
,,,0.0996,0.04
,,,0.0997,0.04
,,,0.0998,0
,,,0.0999,0.04
,,,0.1,0
,,,0.1001,0
,,,0.1002,0.04
,,,0.1003,0.04
,,,0.1004,0.04
,,,0.1005,0.04
,,,0.1006,0.04
,,,0.1007,0.04
,,,0.1008,0.04
,,,0.1009,0.04
,,,0.101,0.04
,,,0.1011,0.04
,,,0.1012,0.04
,,,0.1013,0.04
,,,0.1014,0.04
,,,0.1015,0.04
,,,0.1016,0
,,,0.1017,0.04
,,,0.1018,0
,,,0.1019,0
,,,0.102,0.04
,,,0.1021,0.04
,,,0.1022,0.04
,,,0.1023,0.04
,,,0.1024,0.04
,,,0.1025,0.04
,,,0.1026,0.04
,,,0.1027,0.04
,,,0.1028,0.04
,,,0.1029,0.04
,,,0.103,0.04
,,,0.1031,0.04
,,,0.1032,0.04
,,,0.1033,0.04
,,,0.1034,0.04
,,,0.1035,0.04
,,,0.1036,0.04
,,,0.1037,0.04
,,,0.1038,0.04
,,,0.1039,0.04
,,,0.104,0.04
,,,0.1041,0.04
,,,0.1042,0.04
,,,0.1043,0.04
,,,0.1044,0.04
,,,0.1045,0.04
,,,0.1046,0.04
,,,0.1047,0.04
,,,0.1048,0.04
,,,0.1049,0
,,,0.105,0.04
,,,0.1051,0
,,,0.1052,0
,,,0.1053,0.04
,,,0.1054,0.04
,,,0.1055,0.04
,,,0.1056,0.04
,,,0.1057,0.04
,,,0.1058,0.04
,,,0.1059,0.04
,,,0.106,0.04
,,,0.1061,0.04
,,,0.1062,0.04
,,,0.1063,0.04
,,,0.1064,0
,,,0.1065,0.04
,,,0.1066,0.04
,,,0.1067,0
,,,0.1068,0.04
,,,0.1069,0.04
,,,0.107,0.08
,,,0.1071,0.08
,,,0.1072,0.08
,,,0.1073,0.12
,,,0.1074,0.12
,,,0.1075,0.12
,,,0.1076,0.12
,,,0.1077,0.12
,,,0.1078,0.12
,,,0.1079,0.12
,,,0.108,0.12
,,,0.1081,0.08
,,,0.1082,0.04
,,,0.1083,0
,,,0.1084,0.04
,,,0.1085,0
,,,0.1086,0
,,,0.1087,0
,,,0.1088,0
,,,0.1089,0
,,,0.109,0
,,,0.1091,0
,,,0.1092,0
,,,0.1093,-0.04
,,,0.1094,0
,,,0.1095,-0.04
,,,0.1096,-0.04
,,,0.1097,0
,,,0.1098,-0.04
,,,0.1099,0
,,,0.11,0
,,,0.1101,-0.04
,,,0.1102,-0.04
,,,0.1103,-0.04
,,,0.1104,-0.04
,,,0.1105,-0.04
,,,0.1106,-0.04
,,,0.1107,-0.04
,,,0.1108,-0.04
,,,0.1109,-0.04
,,,0.111,0
,,,0.1111,-0.04
,,,0.1112,-0.04
,,,0.1113,-0.04
,,,0.1114,0
,,,0.1115,-0.04
,,,0.1116,-0.04
,,,0.1117,-0.04
,,,0.1118,-0.04
,,,0.1119,-0.04
,,,0.112,-0.04
,,,0.1121,-0.04
,,,0.1122,-0.04
,,,0.1123,0
,,,0.1124,-0.04
,,,0.1125,-0.04
,,,0.1126,-0.04
,,,0.1127,-0.04
,,,0.1128,0
,,,0.1129,0
,,,0.113,-0.04
,,,0.1131,-0.04
,,,0.1132,-0.04
,,,0.1133,0
,,,0.1134,0
,,,0.1135,0
,,,0.1136,0
,,,0.1137,0
,,,0.1138,0
,,,0.1139,0
,,,0.114,0
,,,0.1141,0
,,,0.1142,0
,,,0.1143,-0.04
,,,0.1144,-0.04
,,,0.1145,-0.04
,,,0.1146,0
,,,0.1147,0
,,,0.1148,-0.04
,,,0.1149,-0.04
,,,0.115,-0.08
,,,0.1151,-0.04
,,,0.1152,-0.04
,,,0.1153,-0.04
,,,0.1154,-0.04
,,,0.1155,-0.08
,,,0.1156,-0.12
,,,0.1157,-0.12
,,,0.1158,-0.12
,,,0.1159,-0.08
,,,0.116,-0.08
,,,0.1161,-0.12
,,,0.1162,-0.12
,,,0.1163,-0.2
,,,0.1164,-0.2
,,,0.1165,-0.16
,,,0.1166,-0.16
,,,0.1167,-0.04
,,,0.1168,-0.04
,,,0.1169,-0.04
,,,0.117,0.04
,,,0.1171,0
,,,0.1172,-0.04
,,,0.1173,0
,,,0.1174,0
,,,0.1175,0
,,,0.1176,0.04
,,,0.1177,0
,,,0.1178,-0.04
,,,0.1179,-0.04
,,,0.118,-0.12
,,,0.1181,-0.16
,,,0.1182,-0.2
,,,0.1183,-0.28
,,,0.1184,-0.32
,,,0.1185,-0.32
,,,0.1186,-0.36
,,,0.1187,-0.4
,,,0.1188,-0.36
,,,0.1189,-0.4
,,,0.119,-0.4
,,,0.1191,-0.4
,,,0.1192,-0.32
,,,0.1193,-0.16
,,,0.1194,0.08
,,,0.1195,0.24
,,,0.1196,0.4
,,,0.1197,0.44
,,,0.1198,0.44
,,,0.1199,0.48
,,,0.12,0.56
,,,0.1201,0.72
,,,0.1202,0.92
,,,0.1203,1.04
,,,0.1204,1.2
,,,0.1205,1.4
,,,0.1206,1.56
,,,0.1207,1.76
,,,0.1208,1.88
,,,0.1209,1.96
,,,0.121,2
,,,0.1211,1.92
,,,0.1212,1.88
,,,0.1213,1.76
,,,0.1214,1.64
,,,0.1215,1.56
,,,0.1216,1.44
,,,0.1217,1.32
,,,0.1218,1.24
,,,0.1219,1.24
,,,0.122,1.32
,,,0.1221,1.4
,,,0.1222,1.52
,,,0.1223,1.68
,,,0.1224,1.76
,,,0.1225,1.76
,,,0.1226,1.72
,,,0.1227,1.68
,,,0.1228,1.6
,,,0.1229,1.52
,,,0.123,1.4
,,,0.1231,1.24
,,,0.1232,1.16
,,,0.1233,1.12
,,,0.1234,1.08
,,,0.1235,1.08
,,,0.1236,1.08
,,,0.1237,1.12
,,,0.1238,1.16
,,,0.1239,1.16
,,,0.124,1.16
,,,0.1241,1.12
,,,0.1242,1.08
,,,0.1243,0.96
,,,0.1244,0.88
,,,0.1245,0.76
,,,0.1246,0.64
,,,0.1247,0.52
,,,0.1248,0.44
,,,0.1249,0.4
,,,,0.36
,,,,0.32
,,,,0.32
,,,,0.32
,,,,0.32
,,,,0.28
,,,,0.24
,,,,0.2
,,,,0.12
,,,,0.04
,,,,0
,,,,-0.08
,,,,-0.08
,,,,-0.12
,,,,-0.16
,,,,-0.16
,,,,-0.2
,,,,-0.24
,,,,-0.28
,,,,-0.28
,,,,-0.36
,,,,-0.36
,,,,-0.44
,,,,-0.48
,,,,-0.56
,,,,-0.64
,,,,-0.72
,,,,-0.8
,,,,-0.84
,,,,-0.88
,,,,-0.92
,,,,-1
,,,,-1.04
,,,,-1.04
,,,,-1.08
,,,,-1.12
,,,,-1.12
,,,,-1.16
,,,,-1.16
,,,,-1.16
,,,,-1.16
,,,,-1.16
,,,,-1.2
,,,,-1.2
,,,,-1.24
,,,,-1.24
,,,,-1.24
,,,,-1.28
,,,,-1.28
,,,,-1.32
,,,,-1.32
,,,,-1.36
,,,,-1.4
,,,,-1.44
,,,,-1.48
,,,,-1.52
,,,,-1.52
,,,,-1.6
,,,,-1.64
,,,,-1.6
,,,,-1.6
,,,,-1.6
,,,,-1.56
,,,,-1.56
,,,,-1.52
,,,,-1.48
,,,,-1.44
,,,,-1.36
,,,,-1.32
,,,,-1.28
,,,,-1.24
,,,,-1.12
,,,,-1.04
,,,,-0.92
,,,,-0.6
,,,,-0.36
,,,,-0.24
,,,,-0.12
,,,,0
,,,,0
,,,,0.04
,,,,0.08
,,,,0.08
,,,,0.12
,,,,0.12
,,,,0.12
,,,,0.16
,,,,0.16
,,,,0.16
,,,,0.16
,,,,0.16
,,,,0.16
,,,,0.16
,,,,0.12
,,,,0.12
,,,,0.12
,,,,0.12
,,,,0.12
,,,,0.12
,,,,0.12
,,,,0.12
,,,,0.12
,,,,0.12
,,,,0.08
,,,,0.12
,,,,0.08
,,,,0.08
,,,,0.08
,,,,0.08
,,,,0.08
,,,,0.08
,,,,0.08
,,,,0.08
,,,,0.08
,,,,0.04
,,,,0.04
,,,,0
,,,,0
,,,,0.04
,,,,0.04
,,,,0.04
,,,,0.04
,,,,0.04
,,,,0.04
,,,,0.08
,,,,0.08
,,,,0.08
,,,,0.04
,,,,0.08
,,,,0.04
,,,,0.04
,,,,0.04
,,,,0.04
,,,,0.04
,,,,0
,,,,0.04
,,,,0.04
,,,,0
,,,,0
,,,,0
,,,,0
,,,,0.04
,,,,0
,,,,0
,,,,0
,,,,0.04
,,,,0
,,,,0.04
,,,,0
,,,,0
,,,,0
,,,,0
,,,,0.04
,,,,0.04
,,,,0.04
,,,,0
,,,,0.04
,,,,0.04
,,,,0.04
,,,,0.04
,,,,0
,,,,0.04
,,,,0.04
,,,,0
,,,,0.04
,,,,0.04
,,,,0.04
,,,,0
,,,,0
,,,,0.04
,,,,0.04
,,,,0
,,,,0
,,,,0.04
,,,,0.04
,,,,0.04
,,,,0.04
,,,,0.04
,,,,0.04
,,,,0.04
,,,,0
,,,,0
,,,,0.04
,,,,0.04
,,,,0.04
,,,,0.04
,,,,0.04
,,,,0.04
,,,,0.04
,,,,0.04
,,,,0.04
,,,,0.04
,,,,0.04
,,,,0.04
,,,,0.04
,,,,0.04
,,,,0.04
,,,,0.04
,,,,0.04
,,,,0
,,,,0.04
,,,,0.04
,,,,0.04
,,,,0.04
,,,,0.04
,,,,0.04
,,,,0
,,,,0
,,,,0.04
,,,,0
,,,,0
,,,,0.04
,,,,0
,,,,0.04
,,,,0.04
,,,,0.04
,,,,0.04
,,,,0.04
,,,,0.04
,,,,0.04
,,,,0.08
,,,,0.08
,,,,0.08
,,,,0.12
,,,,0.12
,,,,0.12
,,,,0.12
,,,,0.12
,,,,0.12
,,,,0.12
,,,,0.12
,,,,0.04
,,,,0.04
,,,,0.04
,,,,0.04
,,,,0
,,,,0
,,,,0
,,,,0
,,,,0
,,,,0
,,,,0
,,,,0
,,,,0
,,,,0
,,,,0
,,,,0
,,,,-0.04
,,,,-0.04
,,,,0
,,,,-0.04
,,,,0
,,,,-0.04
,,,,-0.04
,,,,0
,,,,-0.04
,,,,-0.04
,,,,-0.04
,,,,-0.04
,,,,-0.04
,,,,-0.04
,,,,-0.04
,,,,-0.04
,,,,-0.04
,,,,-0.04
,,,,-0.04
,,,,-0.04
,,,,-0.04
,,,,-0.04
,,,,-0.04
,,,,-0.04
,,,,-0.04
,,,,-0.04
,,,,0
,,,,-0.04
,,,,-0.04
,,,,-0.04
,,,,0
,,,,0
,,,,-0.04
,,,,-0.04
,,,,-0.04
,,,,0
,,,,0
,,,,0
,,,,0
,,,,0
,,,,0
,,,,0.04
,,,,0
,,,,0
,,,,0
,,,,-0.04
,,,,-0.04
,,,,-0.08
,,,,-0.04
,,,,0
,,,,0
,,,,-0.04
,,,,-0.04
,,,,-0.04
,,,,-0.04
,,,,0
,,,,-0.04
,,,,-0.04
,,,,-0.08
,,,,-0.12
,,,,-0.12
,,,,-0.08
,,,,-0.08
,,,,-0.12
,,,,-0.08
,,,,-0.16
,,,,-0.2
,,,,-0.16
,,,,-0.16
,,,,-0.16
,,,,-0.04
,,,,-0.04
,,,,0
,,,,0
,,,,0
,,,,0
,,,,0
,,,,0.04
,,,,0
,,,,0
,,,,0
,,,,0
,,,,-0.04
,,,,-0.12
,,,,-0.16
,,,,-0.2
,,,,-0.28
,,,,-0.32
,,,,-0.36
,,,,-0.36
,,,,-0.36
,,,,-0.4
,,,,-0.4
,,,,-0.44
,,,,-0.4
,,,,-0.28
,,,,-0.16
,,,,0.08
,,,,0.28
,,,,0.36
,,,,0.44
,,,,0.44
,,,,0.48
,,,,0.6
,,,,0.76
,,,,0.92
,,,,1.08
,,,,1.24
,,,,1.44
,,,,1.6
,,,,1.76
,,,,1.88
,,,,1.96
,,,,1.92
,,,,1.88
,,,,1.84
,,,,1.72
,,,,1.64
,,,,1.52
,,,,1.4
,,,,1.32
,,,,1.24
,,,,1.28
,,,,1.36
,,,,1.44
,,,,1.56
,,,,1.68
,,,,1.72
,,,,1.72
,,,,1.72
,,,,1.64
,,,,1.6
,,,,1.48
,,,,1.36
,,,,1.24
,,,,1.16
,,,,1.12
,,,,1.08
,,,,1.12
,,,,1.12
,,,,1.16
,,,,1.16
,,,,1.16
,,,,1.16
,,,,1.12
,,,,1.04
,,,,0.96
,,,,0.84
,,,,0.72
,,,,0.64
,,,,0.52
,,,,0.44
,,,,0.4
,,,,0.32
,,,,0.32
,,,,0.32
,,,,0.28
,,,,0.28
,,,,0.24
,,,,0.24
,,,,0.2
,,,,0.12
,,,,0.08
,,,,0
,,,,-0.04
,,,,-0.08
,,,,-0.12
,,,,-0.16
,,,,-0.2
,,,,-0.24
,,,,-0.28
,,,,-0.28
,,,,-0.32
,,,,-0.32
,,,,-0.36
,,,,-0.4
,,,,-0.48
,,,,-0.56
,,,,-0.6
,,,,-0.72
,,,,-0.8
,,,,-0.84
,,,,-0.88
,,,,-0.92
,,,,-1
,,,,-1.04
,,,,-1.04
,,,,-1.08
,,,,-1.08
,,,,-1.12
,,,,-1.12
,,,,-1.16
,,,,-1.16
,,,,-1.16
,,,,-1.16
,,,,-1.2
,,,,-1.24
,,,,-1.24
,,,,-1.24
,,,,-1.28
,,,,-1.28
,,,,-1.28
,,,,-1.32
,,,,-1.32
,,,,-1.4
,,,,-1.4
,,,,-1.44
,,,,-1.44
,,,,-1.52
,,,,-1.56
,,,,-1.6
,,,,-1.6
,,,,-1.64
,,,,-1.64
,,,,-1.6
,,,,-1.6
,,,,-1.56
,,,,-1.52
,,,,-1.48
,,,,-1.44
,,,,-1.36
,,,,-1.32
,,,,-1.28
,,,,-1.24
,,,,-1.12
,,,,-1.04
,,,,-0.88
,,,,-0.6
,,,,-0.4
,,,,-0.24
,,,,-0.12
,,,,-0.04
,,,,0.04
,,,,0.04
,,,,0.08
,,,,0.08
,,,,0.12
,,,,0.12
,,,,0.16
,,,,0.12
,,,,0.16
,,,,0.16
,,,,0.16
,,,,0.16
,,,,0.16
,,,,0.12
,,,,0.16
,,,,0.12
,,,,0.12
,,,,0.12
,,,,0.12
,,,,0.12
,,,,0.12
,,,,0.12
,,,,0.12
,,,,0.12
,,,,0.08
,,,,0.08
,,,,0.08
,,,,0.08
,,,,0.08
,,,,0.08
,,,,0.04
,,,,0.08
,,,,0.08
,,,,0.08
,,,,0.08
,,,,0.04
,,,,0.04
,,,,0.04
,,,,0
,,,,0
,,,,0.04
,,,,0.04
,,,,0.04
,,,,0.04
,,,,0.04
,,,,0.04
,,,,0.08
,,,,0.08
,,,,0.04
,,,,0.04
,,,,0.08
,,,,0.04
,,,,0.04
,,,,0.04
,,,,0.04
,,,,0.04
,,,,0.04
,,,,0.08
,,,,0.04
,,,,0.04
,,,,0
,,,,0
,,,,0.04
,,,,0
,,,,0
,,,,0
,,,,0
,,,,0.04
,,,,0.04
,,,,0.04
,,,,0
,,,,0
,,,,0.04
,,,,0.04
,,,,0
,,,,0.04
,,,,0.04
,,,,0.04
,,,,0.04
,,,,0.04
,,,,0.04
,,,,0.04
,,,,0.04
,,,,0
,,,,0
,,,,0.04
,,,,0.04
,,,,0.04
,,,,0.04
,,,,0
,,,,0.04
,,,,0.04
,,,,0.04
,,,,0.04
,,,,0.04
,,,,0
,,,,0.04
,,,,0.04
,,,,0.04
,,,,0.04
,,,,0
,,,,0.04
,,,,0.04
,,,,0.04
,,,,0.04
,,,,0.04
,,,,0.04
,,,,0.04
,,,,0.04
,,,,0.04
,,,,0.04
,,,,0.04
,,,,0.04
,,,,0
,,,,0.04
,,,,0
,,,,0
,,,,0.04
,,,,0.04
,,,,0.04
,,,,0.04
,,,,0
,,,,0
,,,,0
,,,,0.04
,,,,0
,,,,0.04
,,,,0.04
,,,,0.04
,,,,0
,,,,0
,,,,0.04
,,,,0.04
,,,,0
,,,,0.04
,,,,0.04
,,,,0.04
,,,,0
,,,,0
,,,,0.04
,,,,0.04
,,,,0.08
,,,,0.08
,,,,0.08
,,,,0.08
,,,,0.08
,,,,0.12
,,,,0.12
,,,,0.12
,,,,0.12
,,,,0.12
,,,,0.12
,,,,0.08
,,,,0.04
,,,,0
,,,,0
,,,,0
,,,,0
,,,,0
,,,,0
,,,,0
,,,,0
,,,,-0.04
,,,,-0.04
,,,,0
,,,,0
,,,,-0.04
,,,,0
,,,,0
,,,,-0.04
,,,,-0.04
,,,,-0.04
,,,,-0.04
,,,,0
,,,,-0.04
,,,,-0.04
,,,,-0.04
,,,,-0.04
,,,,-0.04
,,,,-0.04
,,,,-0.04
,,,,-0.04
,,,,-0.04
,,,,-0.04
,,,,-0.04
,,,,-0.04
,,,,-0.04
,,,,-0.04
,,,,-0.04
,,,,-0.04
,,,,-0.04
,,,,-0.04
,,,,0
,,,,0
,,,,-0.04
,,,,-0.04
,,,,0
,,,,-0.04
,,,,-0.04
,,,,-0.04
,,,,-0.04
,,,,-0.04
,,,,-0.04
,,,,-0.04
,,,,-0.04
,,,,0
,,,,0
,,,,0
,,,,0
,,,,0
,,,,0
,,,,0
,,,,0
,,,,-0.04
,,,,-0.04
,,,,-0.04
,,,,-0.04
,,,,0
,,,,0
,,,,0
,,,,-0.04
,,,,-0.04
,,,,-0.04
,,,,-0.04
,,,,-0.04
,,,,-0.08
,,,,-0.08
,,,,-0.12
,,,,-0.12
,,,,-0.08
,,,,-0.08
,,,,-0.08
,,,,-0.12
,,,,-0.16
,,,,-0.16
,,,,-0.16
,,,,-0.16
,,,,-0.12
,,,,-0.08
,,,,-0.04
,,,,-0.04
,,,,0.04
,,,,0
,,,,0
,,,,0
,,,,0.04
,,,,0
,,,,0
,,,,0
,,,,-0.04
,,,,-0.08
,,,,-0.12
,,,,-0.16
,,,,-0.2
,,,,-0.28
,,,,-0.32
,,,,-0.32
,,,,-0.32
,,,,-0.36
,,,,-0.4
,,,,-0.4
,,,,-0.44
,,,,-0.4
,,,,-0.32
,,,,-0.16
,,,,0.08
,,,,0.24
,,,,0.36
,,,,0.44
,,,,0.44
,,,,0.48
,,,,0.64
,,,,0.8
,,,,0.96
,,,,1.08
,,,,1.28
,,,,1.44
,,,,1.6
,,,,1.72
,,,,1.84
,,,,1.92
,,,,1.96
,,,,1.88
,,,,1.8
,,,,1.72
,,,,1.64
,,,,1.56
,,,,1.44
,,,,1.32
,,,,1.32
,,,,1.32
,,,,1.36
,,,,1.48
,,,,1.6
,,,,1.68
,,,,1.76
,,,,1.72
,,,,1.68
,,,,1.64
,,,,1.6
,,,,1.48
,,,,1.4
,,,,1.24
,,,,1.16
,,,,1.12
,,,,1.12
,,,,1.12
,,,,1.12
,,,,1.16
,,,,1.16
,,,,1.16
,,,,1.16
,,,,1.12
,,,,1.04
,,,,0.92
,,,,0.84
,,,,0.72
,,,,0.6
,,,,0.52
,,,,0.44
,,,,0.36
,,,,0.36
,,,,0.32
,,,,0.32
,,,,0.32
,,,,0.32
,,,,0.24
,,,,0.24
,,,,0.2
,,,,0.12
,,,,0.08
,,,,0
,,,,-0.04
,,,,-0.12
,,,,-0.12
,,,,-0.16
,,,,-0.16
,,,,-0.2
,,,,-0.24
,,,,-0.28
,,,,-0.28
,,,,-0.36
,,,,-0.36
,,,,-0.44
,,,,-0.48
,,,,-0.56
,,,,-0.64
,,,,-0.68
,,,,-0.76
,,,,-0.84
,,,,-0.92
,,,,-0.92
,,,,-1
,,,,-1
,,,,-1.04
,,,,-1.08
,,,,-1.08
,,,,-1.12
,,,,-1.16
,,,,-1.16
,,,,-1.16
,,,,-1.16
,,,,-1.16
,,,,-1.2
,,,,-1.24
,,,,-1.24
,,,,-1.24
,,,,-1.24
,,,,-1.28
,,,,-1.28
,,,,-1.32
,,,,-1.36
,,,,-1.4
,,,,-1.4
,,,,-1.44
,,,,-1.48
,,,,-1.52
,,,,-1.56
,,,,-1.56
,,,,-1.6
,,,,-1.64
,,,,-1.64
,,,,-1.6
,,,,-1.6
,,,,-1.56
,,,,-1.52
,,,,-1.48
,,,,-1.4
,,,,-1.36
,,,,-1.32
,,,,-1.28
,,,,-1.24
,,,,-1.12
,,,,-1.04
,,,,-0.88
,,,,-0.56
,,,,-0.36
,,,,-0.24
,,,,-0.12
,,,,-0.04
,,,,0
,,,,0.04
,,,,0.08
,,,,0.12
,,,,0.12
,,,,0.12
,,,,0.12
,,,,0.12
,,,,0.16
,,,,0.16
,,,,0.16
,,,,0.16
,,,,0.16
,,,,0.16
,,,,0.12
,,,,0.12
,,,,0.12
,,,,0.16
,,,,0.16
,,,,0.12
,,,,0.12
,,,,0.12
,,,,0.12
,,,,0.08
,,,,0.12
,,,,0.12
,,,,0.12
,,,,0.08
,,,,0.08
,,,,0.08
,,,,0.08
,,,,0.08
,,,,0.08
,,,,0.08
,,,,0.08
,,,,0.04
,,,,0.04
,,,,0
,,,,0.04
,,,,0.04
,,,,0.04
,,,,0.04
,,,,0.04
,,,,0.04
,,,,0.04
,,,,0.04
,,,,0.12
,,,,0.08
,,,,0.04
,,,,0.04
,,,,0.04
,,,,0.04
,,,,0.04
,,,,0.04
,,,,0
,,,,0.04
,,,,0.08
,,,,0.08
,,,,0
,,,,0
,,,,0
,,,,0
,,,,0.04
,,,,0
,,,,0
,,,,0
,,,,0
,,,,0.04
,,,,0.04
,,,,0.04
,,,,0.04
,,,,0
,,,,0.04
,,,,0.04
,,,,0
,,,,0.04
,,,,0.04
,,,,0.04
,,,,0.04
,,,,0.04
,,,,0.04
,,,,0
,,,,0
,,,,0.04
,,,,0.04
,,,,0.04
,,,,0.04
,,,,0.04
,,,,0.04
,,,,0.04
,,,,0
,,,,0
,,,,0.04
,,,,0.04
,,,,0.04
,,,,0.04
,,,,0.04
,,,,0.04
,,,,0.04
,,,,0.04
,,,,0.04
,,,,0.04
,,,,0.04
,,,,0.04
,,,,0.04
,,,,0.04
,,,,0.04
,,,,0.04
,,,,0.04
,,,,0.04
,,,,0.04
,,,,0.04
,,,,0.04
,,,,0.04
,,,,0.04
,,,,0
,,,,0.04
,,,,0.04
,,,,0.04
,,,,0.04
,,,,0.04
,,,,0.04
,,,,0.04
,,,,0.04
,,,,0.04
,,,,0
,,,,0
,,,,0
,,,,0.04
,,,,0.04
,,,,0
,,,,0.04
,,,,0.04
,,,,0
,,,,0
,,,,0.04
,,,,0
,,,,0.04
,,,,0.04
,,,,0.04
,,,,0.04
,,,,0.08
,,,,0.08
,,,,0.08
,,,,0.12
,,,,0.12
,,,,0.12
,,,,0.12
,,,,0.12
,,,,0.12
,,,,0.12
,,,,0.08
,,,,0.04
,,,,0.04
,,,,0.04
,,,,0
,,,,0.04
,,,,0
,,,,0
,,,,0
,,,,0
,,,,0
,,,,-0.04
,,,,-0.04
,,,,0
,,,,0
,,,,-0.04
,,,,0
,,,,0
,,,,-0.04
,,,,-0.04
,,,,-0.04
,,,,-0.04
,,,,0
,,,,-0.04
,,,,0
,,,,0
,,,,0
,,,,-0.04
,,,,-0.04
,,,,0
,,,,0
,,,,-0.04
,,,,-0.04
,,,,-0.04
,,,,-0.04
,,,,-0.04
,,,,-0.04
,,,,-0.04
,,,,-0.04
,,,,-0.04
,,,,-0.04
,,,,-0.04
,,,,-0.04
,,,,0
,,,,-0.04
,,,,-0.04
,,,,-0.04
,,,,-0.04
,,,,-0.04
,,,,-0.04
,,,,0
,,,,-0.04
,,,,0
,,,,0
,,,,0
,,,,0
,,,,0
,,,,0
,,,,0
,,,,0
,,,,-0.04
,,,,0
,,,,0
,,,,-0.04
,,,,-0.08
,,,,-0.04
,,,,-0.04
,,,,0
,,,,0
,,,,-0.04
,,,,-0.04
,,,,-0.04
,,,,-0.04
,,,,-0.04
,,,,-0.04
,,,,-0.08
,,,,-0.12
,,,,-0.12
,,,,-0.12
,,,,-0.08
,,,,-0.08
,,,,-0.12
,,,,-0.16
,,,,-0.2
,,,,-0.2
,,,,-0.16
,,,,-0.16
,,,,-0.08
,,,,-0.04
,,,,-0.04
,,,,0.04
,,,,0
,,,,0
,,,,0
,,,,0
,,,,0.04
,,,,0
,,,,0
,,,,0
,,,,-0.04
,,,,-0.12
,,,,-0.16
,,,,-0.2
,,,,-0.28
,,,,-0.32
,,,,-0.36
,,,,-0.36
,,,,-0.4
,,,,-0.4
,,,,-0.4
,,,,-0.44
,,,,-0.4
,,,,-0.32
,,,,-0.12
,,,,0.12
,,,,0.24
,,,,0.4
,,,,0.44
,,,,0.44
,,,,0.48
,,,,0.56
,,,,0.76
,,,,0.92
,,,,1.08
,,,,1.24
,,,,1.4
,,,,1.6
,,,,1.76
,,,,1.88
,,,,1.92
,,,,1.96
,,,,1.88
,,,,1.88
,,,,1.76
,,,,1.6
,,,,1.52
,,,,1.4
,,,,1.28
,,,,1.24
,,,,1.28
,,,,1.32
,,,,1.44
,,,,1.6
,,,,1.68
,,,,1.76
,,,,1.76
,,,,1.72
,,,,1.68
,,,,1.6
,,,,1.48
,,,,1.36
,,,,1.24
,,,,1.16
,,,,1.12
,,,,1.12
,,,,1.12
,,,,1.12
,,,,1.16
,,,,1.16
,,,,1.2
,,,,1.16
,,,,1.12
,,,,1.04
,,,,0.96
,,,,0.84
,,,,0.72
,,,,0.64
,,,,0.52
,,,,0.44
,,,,0.4
,,,,0.36
,,,,0.32
,,,,0.32
,,,,0.28
,,,,0.28
,,,,0.24
,,,,0.24
,,,,0.2
,,,,0.12
,,,,0.08
,,,,0.04
,,,,-0.04
,,,,-0.08
,,,,-0.12
,,,,-0.16
,,,,-0.16
,,,,-0.2
,,,,-0.24
,,,,-0.28
,,,,-0.32
,,,,-0.32
,,,,-0.4
,,,,-0.4
,,,,-0.48
,,,,-0.52
,,,,-0.64
,,,,-0.72
,,,,-0.76
,,,,-0.84
,,,,-0.88
,,,,-0.92
,,,,-0.96
,,,,-1
,,,,-1.04
,,,,-1.08
,,,,-1.08
,,,,-1.12
,,,,-1.16
,,,,-1.16
,,,,-1.16
,,,,-1.16
,,,,-1.16
,,,,-1.24
,,,,-1.24
,,,,-1.24
,,,,-1.24
,,,,-1.28
,,,,-1.28
,,,,-1.28
,,,,-1.32
,,,,-1.32
,,,,-1.36
,,,,-1.4
,,,,-1.44
,,,,-1.48
,,,,-1.48
,,,,-1.56
,,,,-1.56
,,,,-1.6
,,,,-1.64
,,,,-1.64
,,,,-1.6
,,,,-1.6
,,,,-1.6
,,,,-1.52
,,,,-1.52
,,,,-1.44
,,,,-1.36
,,,,-1.32
,,,,-1.28
,,,,-1.24
,,,,-1.16
,,,,-1.04
,,,,-0.88
,,,,-0.64
,,,,-0.36
,,,,-0.24
,,,,-0.12
,,,,-0.04
,,,,0
,,,,0.04
,,,,0.08
,,,,0.12
,,,,0.12
,,,,0.12
,,,,0.12
,,,,0.12
,,,,0.16
,,,,0.16
,,,,0.12
,,,,0.16
,,,,0.16
,,,,0.16
,,,,0.16
,,,,0.16
,,,,0.16
,,,,0.12
,,,,0.12
,,,,0.12
,,,,0.12
,,,,0.12
,,,,0.12
,,,,0.12
,,,,0.12
,,,,0.12
,,,,0.08
,,,,0.08
,,,,0.08
,,,,0.08
,,,,0.08
,,,,0.08
,,,,0.08
,,,,0.08
,,,,0.08
,,,,0.04
,,,,0.04
,,,,0.04
,,,,0
,,,,0
,,,,0.04
,,,,0.04
,,,,0.04
,,,,0.04
,,,,0.04
,,,,0.08
,,,,0.08
,,,,0.08
,,,,0.08
,,,,0.04
,,,,0.08
,,,,0.04
,,,,0.04
,,,,0.04
,,,,0
,,,,0
,,,,0.04
,,,,0.04
,,,,0.04
,,,,0
,,,,0
,,,,0
,,,,0
,,,,0.04
,,,,0
,,,,0
,,,,0
,,,,0.04
,,,,0.04
,,,,0
,,,,0
,,,,0
,,,,0
,,,,0.04
,,,,0.04
,,,,0.04
,,,,0.04
,,,,0.04
,,,,0.04
,,,,0.04
,,,,0.04
,,,,0.04
,,,,0
,,,,0.04
,,,,0.04
,,,,0.04
,,,,0.04
,,,,0.04
,,,,0.04
,,,,0
,,,,0.04
,,,,0.04
,,,,0
,,,,0.04
,,,,0.04
,,,,0.04
,,,,0.04
,,,,0.04
,,,,0.04
,,,,0.04
,,,,0.04
,,,,0.04
,,,,0.04
,,,,0.04
,,,,0.04
,,,,0.04
,,,,0.04
,,,,0.04
,,,,0.04
,,,,0
,,,,0.04
,,,,0.04
,,,,0.04
,,,,0.04
,,,,0.04
,,,,0.04
,,,,0.04
,,,,0.04
,,,,0.04
,,,,0.04
,,,,0.04
,,,,0
,,,,0.04
,,,,0
,,,,0.04
,,,,0.04
,,,,0.04
,,,,0.04
,,,,0.04
,,,,0.04
,,,,0.04
,,,,0.04
,,,,0
,,,,0
,,,,0
,,,,0
,,,,0.04
,,,,0.04
,,,,0.04
,,,,0.04
,,,,0.04
,,,,0.08
,,,,0.08
,,,,0.08
,,,,0.12
,,,,0.12
,,,,0.12
,,,,0.12
,,,,0.12
,,,,0.12
,,,,0.12
,,,,0.12
,,,,0.08
,,,,0.04
,,,,0
,,,,0
,,,,0
,,,,0
,,,,-0.04
,,,,0
,,,,0
,,,,-0.04
,,,,-0.04
,,,,0
,,,,-0.04
,,,,-0.04
,,,,0
,,,,0
,,,,-0.04
,,,,-0.04
,,,,-0.04
,,,,-0.04
,,,,-0.04
,,,,-0.04
,,,,-0.04
,,,,-0.04
,,,,-0.04
,,,,0
,,,,-0.04
,,,,-0.04
,,,,-0.04
,,,,-0.04
,,,,0
,,,,0
,,,,-0.04
,,,,-0.04
,,,,-0.04
,,,,0
,,,,-0.04
,,,,0
,,,,-0.04
,,,,-0.04
,,,,-0.04
,,,,-0.04
,,,,-0.04
,,,,-0.04
,,,,-0.04
,,,,-0.04
,,,,-0.04
,,,,0
,,,,0
,,,,-0.04
,,,,-0.04
,,,,-0.04
,,,,-0.04
,,,,0
,,,,-0.04
,,,,0
,,,,0
,,,,0
,,,,0
,,,,-0.04
,,,,0
,,,,0
,,,,-0.04
,,,,-0.08
,,,,-0.04
,,,,0
,,,,0
,,,,0
,,,,-0.04
,,,,-0.04
,,,,-0.04
,,,,-0.04
,,,,-0.04
,,,,-0.04
,,,,-0.08
,,,,-0.12
,,,,-0.12
,,,,-0.12
,,,,-0.08
,,,,-0.12
,,,,-0.12
,,,,-0.12
,,,,-0.2
,,,,-0.2
,,,,-0.16
,,,,-0.16
,,,,-0.08
,,,,-0.04
,,,,-0.04
,,,,0.04
,,,,0.04
,,,,0
,,,,0
,,,,0.04
,,,,0.04
,,,,0.04
,,,,0
,,,,-0.04
,,,,-0.08
,,,,-0.08
,,,,-0.16
,,,,-0.2
,,,,-0.28
,,,,-0.32
,,,,-0.36
,,,,-0.36
,,,,-0.4
,,,,-0.4
,,,,-0.4
,,,,-0.4
,,,,-0.4
,,,,-0.32
,,,,-0.16
,,,,0.08
,,,,0.28
,,,,0.36
,,,,0.44
,,,,0.44
,,,,0.48
,,,,0.56
,,,,0.76
,,,,0.92
,,,,1.04
,,,,1.24
,,,,1.44
,,,,1.6
,,,,1.72
,,,,1.88
,,,,1.96
,,,,1.96
,,,,1.92
,,,,1.8
,,,,1.72
,,,,1.6
,,,,1.52
,,,,1.4
,,,,1.32
,,,,1.24
,,,,1.24
,,,,1.32
,,,,1.48
,,,,1.6
,,,,1.72
,,,,1.76
,,,,1.76
,,,,1.72
,,,,1.68
,,,,1.6
,,,,1.52
,,,,1.4
,,,,1.24
,,,,1.16
,,,,1.12
,,,,1.08
,,,,1.12
,,,,1.16
,,,,1.16
,,,,1.16
,,,,1.16
,,,,1.16
,,,,1.12
,,,,1.04
,,,,0.96
,,,,0.84
,,,,0.72
,,,,0.64
,,,,0.52
,,,,0.44
,,,,0.4
,,,,0.36
,,,,0.32
,,,,0.32
,,,,0.32
,,,,0.28
,,,,0.28
,,,,0.24
,,,,0.2
,,,,0.12
,,,,0.04
,,,,0.04
,,,,-0.04
,,,,-0.08
,,,,-0.12
,,,,-0.16
,,,,-0.2
,,,,-0.24
,,,,-0.24
,,,,-0.28
,,,,-0.32
,,,,-0.32
,,,,-0.4
,,,,-0.4
,,,,-0.48
,,,,-0.56
,,,,-0.6
,,,,-0.72
,,,,-0.76
,,,,-0.84
,,,,-0.88
,,,,-0.96
,,,,-0.96
,,,,-1.04
,,,,-1.08
,,,,-1.04
,,,,-1.08
,,,,-1.12
,,,,-1.16
,,,,-1.16
,,,,-1.16
,,,,-1.16
,,,,-1.16
,,,,-1.2
,,,,-1.2
,,,,-1.24
,,,,-1.24
,,,,-1.24
,,,,-1.28
,,,,-1.28
,,,,-1.32
,,,,-1.32
,,,,-1.36
,,,,-1.4
,,,,-1.44
,,,,-1.48
,,,,-1.52
,,,,-1.52
,,,,-1.6
,,,,-1.6
,,,,-1.6
,,,,-1.6
,,,,-1.6
,,,,-1.6
,,,,-1.56
,,,,-1.52
,,,,-1.48
,,,,-1.44
,,,,-1.36
,,,,-1.32
,,,,-1.28
,,,,-1.24
,,,,-1.12
,,,,-1.04
,,,,-0.92
,,,,-0.64
,,,,-0.4
,,,,-0.24
,,,,-0.12
,,,,-0.04
,,,,0
,,,,0.04
,,,,0.12
,,,,0.12
,,,,0.12
,,,,0.12
,,,,0.12
,,,,0.12
,,,,0.16
,,,,0.16
,,,,0.12
,,,,0.12
,,,,0.12
,,,,0.16
,,,,0.16
,,,,0.12
,,,,0.12
,,,,0.12
,,,,0.12
,,,,0.12
,,,,0.12
,,,,0.12
,,,,0.12
,,,,0.12
,,,,0.12
,,,,0.08
,,,,0.08
,,,,0.04
,,,,0.04
,,,,0.08
,,,,0.08
,,,,0.04
,,,,0.08
,,,,0.08
,,,,0.08
,,,,0.08
,,,,0.04
,,,,0.04
,,,,0
,,,,0.04
,,,,0
,,,,0.04
,,,,0.04
,,,,0.04
,,,,0.04
,,,,0.04
,,,,0.08
,,,,0.08
,,,,0.08
,,,,0.04
,,,,0.04
,,,,0.08
,,,,0.04
,,,,0.04
,,,,0.04
,,,,0.04
,,,,0.08
,,,,0.04
,,,,0
,,,,0
,,,,0
,,,,0.04
,,,,0.04
,,,,0
,,,,0
,,,,0
,,,,0
,,,,0
,,,,0.04
,,,,0.04
,,,,0
,,,,0
,,,,0.04
,,,,0.04
,,,,0.04
,,,,0.04
,,,,0
,,,,0.04
,,,,0.04
,,,,0.04
,,,,0.04
,,,,0.04
,,,,0.04
,,,,0.04
,,,,0.04
,,,,0.04
,,,,0.04
,,,,0.04
,,,,0.04
,,,,0
,,,,0.04
,,,,0.04
,,,,0.04
,,,,0
,,,,0.04
,,,,0.04
,,,,0.04
,,,,0.04
,,,,0.04
,,,,0.04
,,,,0.04
,,,,0.04
,,,,0.04
,,,,0.04
,,,,0.04
,,,,0.04
,,,,0
,,,,0.04
,,,,0.04
,,,,0.04
,,,,0.04
,,,,0.04
,,,,0.04
,,,,0.04
,,,,0.04
,,,,0
,,,,0.04
,,,,0.04
,,,,0.04
,,,,0.04
,,,,0.04
,,,,0.04
,,,,0.04
,,,,0
,,,,0.04
,,,,0.04
,,,,0
,,,,0.04
,,,,0
,,,,0.04
,,,,0.04
,,,,0.04
,,,,0.04
,,,,0.04
,,,,0.04
,,,,0
,,,,0
,,,,0
,,,,0.04
,,,,0.04
,,,,0.04
,,,,0.08
,,,,0.08
,,,,0.12
,,,,0.12
,,,,0.12
,,,,0.12
,,,,0.12
,,,,0.12
,,,,0.12
,,,,0.12
,,,,0.08
,,,,0.08
,,,,0.04
,,,,0.04
,,,,0
,,,,0
,,,,0
,,,,0
,,,,0
,,,,0
,,,,0
,,,,-0.04
,,,,-0.04
,,,,-0.04
,,,,0
,,,,0
,,,,0
,,,,0
,,,,-0.04
,,,,-0.04
,,,,-0.04
,,,,-0.04
,,,,-0.04
,,,,0
,,,,0
,,,,-0.04
,,,,-0.04
,,,,-0.04
,,,,-0.04
,,,,-0.04
,,,,-0.04
,,,,-0.04
,,,,-0.04
,,,,-0.04
,,,,-0.04
,,,,-0.04
,,,,-0.04
,,,,-0.04
,,,,-0.04
,,,,-0.04
,,,,-0.04
,,,,-0.04
,,,,-0.04
,,,,-0.04
,,,,-0.04
,,,,-0.04
,,,,-0.04
,,,,-0.04
,,,,0
,,,,-0.04
,,,,-0.04
,,,,-0.04
,,,,-0.04
,,,,0
,,,,0
,,,,-0.04
,,,,0
,,,,0
,,,,0
,,,,0
,,,,0
,,,,0
,,,,-0.04
,,,,-0.04
,,,,-0.08
,,,,-0.04
,,,,0
,,,,0
,,,,0
,,,,-0.04
,,,,-0.04
,,,,-0.04
,,,,-0.04
,,,,-0.04
,,,,-0.04
,,,,-0.08
,,,,-0.08
,,,,-0.12
,,,,-0.12
,,,,-0.08
,,,,-0.12
,,,,-0.12
,,,,-0.16
,,,,-0.2
,,,,-0.16
,,,,-0.16
,,,,-0.16
,,,,-0.08
,,,,-0.04
,,,,-0.04
,,,,0.04
,,,,0
,,,,-0.04
,,,,0
,,,,0
,,,,0
,,,,0.04
,,,,0
,,,,0
,,,,-0.08
,,,,-0.12
,,,,-0.16
,,,,-0.2
,,,,-0.28
,,,,-0.32
,,,,-0.32
,,,,-0.36
,,,,-0.36
,,,,-0.4
,,,,-0.4
,,,,-0.44
,,,,-0.4
,,,,-0.32
,,,,-0.16
,,,,0.08
,,,,0.24
,,,,0.36
,,,,0.44
,,,,0.44
,,,,0.48
,,,,0.56
,,,,0.76
,,,,0.92
,,,,1.04
,,,,1.24
,,,,1.4
,,,,1.6
,,,,1.72
,,,,1.88
,,,,1.96
,,,,2
,,,,1.92
,,,,1.84
,,,,1.72
,,,,1.64
,,,,1.56
,,,,1.4
,,,,1.32
,,,,1.24
,,,,1.24
,,,,1.32
,,,,1.44
,,,,1.56
,,,,1.68
,,,,1.76
,,,,1.76
,,,,1.72
,,,,1.68
,,,,1.6
,,,,1.48
,,,,1.36
,,,,1.24
,,,,1.2
,,,,1.12
,,,,1.12
,,,,1.08
,,,,1.12
,,,,1.16
,,,,1.16
,,,,1.16
,,,,1.16
,,,,1.12
,,,,1.04
,,,,0.96
,,,,0.84
,,,,0.76
,,,,0.64
,,,,0.52
,,,,0.44
,,,,0.4
,,,,0.36
,,,,0.32
,,,,0.32
,,,,0.28
,,,,0.28
,,,,0.24
,,,,0.24
,,,,0.2
,,,,0.12
,,,,0.08
,,,,0
,,,,-0.04
,,,,-0.08
,,,,-0.12
,,,,-0.16
,,,,-0.2
,,,,-0.2
,,,,-0.24
,,,,-0.28
,,,,-0.32
,,,,-0.32
,,,,-0.36
,,,,-0.44
,,,,-0.48
,,,,-0.52
,,,,-0.6
,,,,-0.72
,,,,-0.76
,,,,-0.84
,,,,-0.88
,,,,-0.92
,,,,-0.96
,,,,-1
,,,,-1.04
,,,,-1.08
,,,,-1.12
,,,,-1.12
,,,,-1.12
,,,,-1.16
,,,,-1.16
,,,,-1.16
,,,,-1.16
,,,,-1.2
,,,,-1.24
,,,,-1.24
,,,,-1.24
,,,,-1.24
,,,,-1.28
,,,,-1.28
,,,,-1.32
,,,,-1.32
,,,,-1.36
,,,,-1.4
,,,,-1.44
,,,,-1.44
,,,,-1.52
,,,,-1.52
,,,,-1.56
,,,,-1.6
,,,,-1.6
,,,,-1.6
,,,,-1.6
,,,,-1.6
,,,,-1.6
,,,,-1.56
,,,,-1.48
,,,,-1.44
,,,,-1.36
,,,,-1.28
,,,,-1.28
,,,,-1.24
,,,,-1.16
,,,,-1.04
,,,,-0.92
,,,,-0.64
,,,,-0.44
,,,,-0.24
,,,,-0.12
,,,,-0.04
,,,,0
,,,,0.04
,,,,0.08
,,,,0.12
,,,,0.12
,,,,0.12
,,,,0.12
,,,,0.16
,,,,0.16
,,,,0.16
,,,,0.16
,,,,0.16
,,,,0.12
,,,,0.16
,,,,0.16
,,,,0.16
,,,,0.12
,,,,0.12
,,,,0.12
,,,,0.12
,,,,0.12
,,,,0.12
,,,,0.12
,,,,0.12
,,,,0.12
,,,,0.12
,,,,0.08
,,,,0.08
,,,,0.08
,,,,0.08
,,,,0.08
,,,,0.08
,,,,0.12
,,,,0.08
,,,,0.04
,,,,0.08
,,,,0.04
,,,,0.04
,,,,0.04
,,,,0.04
,,,,0.04
,,,,0.04
,,,,0.04
,,,,0.04
,,,,0.04
,,,,0.04
,,,,0.08
,,,,0.08
,,,,0.08
,,,,0.04
,,,,0.04
,,,,0.04
,,,,0.04
,,,,0.04
,,,,0.04
,,,,0.04
,,,,0.04
,,,,0.04
,,,,0
,,,,-0.04
,,,,0
,,,,0
,,,,0
,,,,0
,,,,0
,,,,0
,,,,0
,,,,0.04
,,,,0.04
,,,,0
,,,,0.04
,,,,0
,,,,0
,,,,0.04
,,,,0.04
,,,,0.04
,,,,0.04
,,,,0.04
,,,,0.04
,,,,0.04
,,,,0.04
,,,,0.04
,,,,0.04
,,,,0.04
,,,,0.04
,,,,0.04
,,,,0.04
,,,,0
,,,,0.04
,,,,0
,,,,0
,,,,0.04
,,,,0.04
,,,,0.04
,,,,0.04
,,,,0.04
,,,,0.04
,,,,0.04
,,,,0.04
,,,,0.04
,,,,0.04
,,,,0.04
,,,,0.04
,,,,0.04
,,,,0.04
,,,,0.04
,,,,0.04
,,,,0.04
,,,,0.04
,,,,0.04
,,,,0.04
,,,,0.04
,,,,0.04
,,,,0.04
,,,,0.04
,,,,0.04
,,,,0.04
,,,,0.04
,,,,0.04
,,,,0.04
,,,,0
,,,,0.04
,,,,0
,,,,0
,,,,0.04
,,,,0.04
,,,,0.04
,,,,0.04
,,,,0.04
,,,,0.04
,,,,0.04
,,,,0.04
,,,,0.04
,,,,0.04
,,,,0.04
,,,,0
,,,,0.04
,,,,0.04
,,,,0
,,,,0.04
,,,,0.04
,,,,0.08
,,,,0.08
,,,,0.08
,,,,0.12
,,,,0.12
,,,,0.12
,,,,0.12
,,,,0.12
,,,,0.12
,,,,0.12
,,,,0.12
,,,,0.08
,,,,0.04
,,,,0
,,,,0.04
,,,,0
,,,,0
,,,,0
,,,,0
,,,,0
,,,,0
,,,,0
,,,,0
,,,,-0.04
,,,,0
,,,,-0.04
,,,,-0.04
,,,,0
,,,,-0.04
,,,,0
,,,,0
,,,,-0.04
,,,,-0.04
,,,,-0.04
,,,,-0.04
,,,,-0.04
,,,,-0.04
,,,,-0.04
,,,,-0.04
,,,,-0.04
,,,,0
,,,,-0.04
,,,,-0.04
,,,,-0.04
,,,,0
,,,,-0.04
,,,,-0.04
,,,,-0.04
,,,,-0.04
,,,,-0.04
,,,,-0.04
,,,,-0.04
,,,,-0.04
,,,,0
,,,,-0.04
,,,,-0.04
,,,,-0.04
,,,,-0.04
,,,,0
,,,,0
,,,,-0.04
,,,,-0.04
,,,,-0.04
,,,,0
,,,,0
,,,,0
,,,,0
,,,,0
,,,,0
,,,,0
,,,,0
,,,,0
,,,,0
,,,,-0.04
,,,,-0.04
,,,,-0.04
,,,,0
,,,,0
,,,,-0.04
,,,,-0.04
,,,,-0.08
,,,,-0.04
,,,,-0.04
,,,,-0.04
,,,,-0.04
,,,,-0.08
,,,,-0.12
,,,,-0.12
,,,,-0.12
,,,,-0.08
,,,,-0.08
,,,,-0.12
,,,,-0.12
,,,,-0.2
,,,,-0.2
,,,,-0.16
,,,,-0.16
,,,,-0.04
,,,,-0.04
,,,,-0.04
,,,,0.04
,,,,0
,,,,-0.04
,,,,0
,,,,0
,,,,0
,,,,0.04
,,,,0
,,,,-0.04
,,,,-0.04
,,,,-0.12
,,,,-0.16
,,,,-0.2
,,,,-0.28
,,,,-0.32
,,,,-0.32
,,,,-0.36
,,,,-0.4
,,,,-0.36
,,,,-0.4
,,,,-0.4
,,,,-0.4
,,,,-0.32
,,,,-0.16
,,,,0.08
,,,,0.24
,,,,0.4
,,,,0.44
,,,,0.44
,,,,0.48
,,,,0.56
,,,,0.72
,,,,0.92
,,,,1.04
,,,,1.2
,,,,1.4
,,,,1.56
,,,,1.76
,,,,1.88
,,,,1.96
,,,,2
,,,,1.92
,,,,1.88
,,,,1.76
,,,,1.64
,,,,1.56
,,,,1.44
,,,,1.32
,,,,1.24
,,,,1.24
,,,,1.32
,,,,1.4
,,,,1.52
,,,,1.68
,,,,1.76
,,,,1.76
,,,,1.72
,,,,1.68
,,,,1.6
,,,,1.52
,,,,1.4
,,,,1.24
,,,,1.16
,,,,1.12
,,,,1.08
,,,,1.08
,,,,1.08
,,,,1.12
,,,,1.16
,,,,1.16
,,,,1.16
,,,,1.12
,,,,1.08
,,,,0.96
,,,,0.88
,,,,0.76
,,,,0.64
,,,,0.52
,,,,0.44
,,,,0.4
,,,,0.36
,,,,0.32
,,,,0.32
,,,,0.32
,,,,0.32
,,,,0.28
,,,,0.24
,,,,0.2
,,,,0.12
,,,,0.04
,,,,0
,,,,-0.08
,,,,-0.08
,,,,-0.12
,,,,-0.16
,,,,-0.16
,,,,-0.2
,,,,-0.24
,,,,-0.28
,,,,-0.28
,,,,-0.36
,,,,-0.36
,,,,-0.44
,,,,-0.48
,,,,-0.56
,,,,-0.64
,,,,-0.72
,,,,-0.8
,,,,-0.84
,,,,-0.88
,,,,-0.92
,,,,-1
,,,,-1.04
,,,,-1.04
,,,,-1.08
,,,,-1.12
,,,,-1.12
,,,,-1.16
,,,,-1.16
,,,,-1.16
,,,,-1.16
,,,,-1.16
,,,,-1.2
,,,,-1.2
,,,,-1.24
,,,,-1.24
,,,,-1.24
,,,,-1.28
,,,,-1.28
,,,,-1.32
,,,,-1.32
,,,,-1.36
,,,,-1.4
,,,,-1.44
,,,,-1.48
,,,,-1.52
,,,,-1.52
,,,,-1.6
,,,,-1.64
,,,,-1.6
,,,,-1.6
,,,,-1.6
,,,,-1.56
,,,,-1.56
,,,,-1.52
,,,,-1.48
,,,,-1.44
,,,,-1.36
,,,,-1.32
,,,,-1.28
,,,,-1.24
,,,,-1.12
,,,,-1.04
,,,,-0.92
,,,,-0.6
,,,,-0.36
,,,,-0.24
,,,,-0.12
,,,,0
,,,,0
,,,,0.04
,,,,0.08
,,,,0.08
,,,,0.12
,,,,0.12
,,,,0.12
,,,,0.16
,,,,0.16
,,,,0.16
,,,,0.16
,,,,0.16
,,,,0.16
,,,,0.16
,,,,0.12
,,,,0.12
,,,,0.12
,,,,0.12
,,,,0.12
,,,,0.12
,,,,0.12
,,,,0.12
,,,,0.12
,,,,0.12
,,,,0.08
,,,,0.12
,,,,0.08
,,,,0.08
,,,,0.08
,,,,0.08
,,,,0.08
,,,,0.08
,,,,0.08
,,,,0.08
,,,,0.08
,,,,0.04
,,,,0.04
,,,,0
,,,,0
,,,,0.04
,,,,0.04
,,,,0.04
,,,,0.04
,,,,0.04
,,,,0.04
,,,,0.08
,,,,0.08
,,,,0.08
,,,,0.04
,,,,0.08
,,,,0.04
,,,,0.04
,,,,0.04
,,,,0.04
,,,,0.04
,,,,0
,,,,0.04
,,,,0.04
,,,,0
,,,,0
,,,,0
,,,,0
,,,,0.04
,,,,0
,,,,0
,,,,0
,,,,0.04
,,,,0
,,,,0.04
,,,,0
,,,,0
,,,,0
,,,,0
,,,,0.04
,,,,0.04
,,,,0.04
,,,,0
,,,,0.04
,,,,0.04
,,,,0.04
,,,,0.04
,,,,0
,,,,0.04
,,,,0.04
,,,,0
,,,,0.04
,,,,0.04
,,,,0.04
,,,,0
,,,,0
,,,,0.04
,,,,0.04
,,,,0
,,,,0
,,,,0.04
,,,,0.04
,,,,0.04
,,,,0.04
,,,,0.04
,,,,0.04
,,,,0.04
,,,,0
,,,,0
,,,,0.04
,,,,0.04
,,,,0.04
,,,,0.04
,,,,0.04
,,,,0.04
,,,,0.04
,,,,0.04
,,,,0.04
,,,,0.04
,,,,0.04
,,,,0.04
,,,,0.04
,,,,0.04
,,,,0.04
,,,,0.04
,,,,0.04
,,,,0
,,,,0.04
,,,,0.04
,,,,0.04
,,,,0.04
,,,,0.04
,,,,0.04
,,,,0
,,,,0
,,,,0.04
,,,,0
,,,,0
,,,,0.04
,,,,0
,,,,0.04
,,,,0.04
,,,,0.04
,,,,0.04
,,,,0.04
,,,,0.04
,,,,0.04
,,,,0.08
,,,,0.08
,,,,0.08
,,,,0.12
,,,,0.12
,,,,0.12
,,,,0.12
,,,,0.12
,,,,0.12
,,,,0.12
,,,,0.12
,,,,0.04
,,,,0.04
,,,,0.04
,,,,0.04
,,,,0
,,,,0
,,,,0
,,,,0
,,,,0
,,,,0
,,,,0
,,,,0
,,,,0
,,,,0
,,,,0
,,,,0
,,,,-0.04
,,,,-0.04
,,,,0
,,,,-0.04
,,,,0
,,,,-0.04
,,,,-0.04
,,,,0
,,,,-0.04
,,,,-0.04
,,,,-0.04
,,,,-0.04
,,,,-0.04
,,,,-0.04
,,,,-0.04
,,,,-0.04
,,,,-0.04
,,,,-0.04
,,,,-0.04
,,,,-0.04
,,,,-0.04
,,,,-0.04
,,,,-0.04
,,,,-0.04
,,,,-0.04
,,,,-0.04
,,,,0
,,,,-0.04
,,,,-0.04
,,,,-0.04
,,,,0
,,,,0
,,,,-0.04
,,,,-0.04
,,,,-0.04
,,,,0
,,,,0
,,,,0
,,,,0
,,,,0
,,,,0
,,,,0.04
,,,,0
,,,,0
,,,,0
,,,,-0.04
,,,,-0.04
,,,,-0.08
,,,,-0.04
,,,,0
,,,,0
,,,,-0.04
,,,,-0.04
,,,,-0.04
,,,,-0.04
,,,,0
,,,,-0.04
,,,,-0.04
,,,,-0.08
,,,,-0.12
,,,,-0.12
,,,,-0.08
,,,,-0.08
,,,,-0.12
,,,,-0.08
,,,,-0.16
,,,,-0.2
,,,,-0.16
,,,,-0.16
,,,,-0.16
,,,,-0.04
,,,,-0.04
,,,,0
,,,,0
,,,,0
,,,,0
,,,,0
,,,,0.04
,,,,0
,,,,0
,,,,0
,,,,0
,,,,-0.04
,,,,-0.12
,,,,-0.16
,,,,-0.2
,,,,-0.28
,,,,-0.32
,,,,-0.36
,,,,-0.36
,,,,-0.36
,,,,-0.4
,,,,-0.4
,,,,-0.44
,,,,-0.4
,,,,-0.28
,,,,-0.16
,,,,0.08
,,,,0.28
,,,,0.36
,,,,0.44
,,,,0.44
,,,,0.48
,,,,0.6
,,,,0.76
,,,,0.92
,,,,1.08
,,,,1.24
,,,,1.44
,,,,1.6
,,,,1.76
,,,,1.88
,,,,1.96
,,,,1.92
,,,,1.88
,,,,1.84
,,,,1.72
,,,,1.64
,,,,1.52
,,,,1.4
,,,,1.32
,,,,1.24
,,,,1.28
,,,,1.36
,,,,1.44
,,,,1.56
,,,,1.68
,,,,1.72
,,,,1.72
,,,,1.72
,,,,1.64
,,,,1.6
,,,,1.48
,,,,1.36
,,,,1.24
,,,,1.16
,,,,1.12
,,,,1.08
,,,,1.12
,,,,1.12
,,,,1.16
,,,,1.16
,,,,1.16
,,,,1.16
,,,,1.12
,,,,1.04
,,,,0.96
,,,,0.84
,,,,0.72
,,,,0.64
,,,,0.52
,,,,0.44
,,,,0.4
,,,,0.32
,,,,0.32
,,,,0.32
,,,,0.28
,,,,0.28
,,,,0.24
,,,,0.24
,,,,0.2
,,,,0.12
,,,,0.08
,,,,0
,,,,-0.04
,,,,-0.08
,,,,-0.12
,,,,-0.16
,,,,-0.2
,,,,-0.24
,,,,-0.28
,,,,-0.28
,,,,-0.32
,,,,-0.32
,,,,-0.36
,,,,-0.4
,,,,-0.48
,,,,-0.56
,,,,-0.6
,,,,-0.72
,,,,-0.8
,,,,-0.84
,,,,-0.88
,,,,-0.92
,,,,-1
,,,,-1.04
,,,,-1.04
,,,,-1.08
,,,,-1.08
,,,,-1.12
,,,,-1.12
,,,,-1.16
,,,,-1.16
,,,,-1.16
,,,,-1.16
,,,,-1.2
,,,,-1.24
,,,,-1.24
,,,,-1.24
,,,,-1.28
,,,,-1.28
,,,,-1.28
,,,,-1.32
,,,,-1.32
,,,,-1.4
,,,,-1.4
,,,,-1.44
,,,,-1.44
,,,,-1.52
,,,,-1.56
,,,,-1.6
,,,,-1.6
,,,,-1.64
,,,,-1.64
,,,,-1.6
,,,,-1.6
,,,,-1.56
,,,,-1.52
,,,,-1.48
,,,,-1.44
,,,,-1.36
,,,,-1.32
,,,,-1.28
,,,,-1.24
,,,,-1.12
,,,,-1.04
,,,,-0.88
,,,,-0.6
,,,,-0.4
,,,,-0.24
,,,,-0.12
,,,,-0.04
,,,,0.04
,,,,0.04
,,,,0.08
,,,,0.08
,,,,0.12
,,,,0.12
,,,,0.16
,,,,0.12
,,,,0.16
,,,,0.16
,,,,0.16
,,,,0.16
,,,,0.16
,,,,0.12
,,,,0.16
,,,,0.12
,,,,0.12
,,,,0.12
,,,,0.12
,,,,0.12
,,,,0.12
,,,,0.12
,,,,0.12
,,,,0.12
,,,,0.08
,,,,0.08
,,,,0.08
,,,,0.08
,,,,0.08
,,,,0.08
,,,,0.04
,,,,0.08
,,,,0.08
,,,,0.08
,,,,0.08
,,,,0.04
,,,,0.04
,,,,0.04
,,,,0
,,,,0
,,,,0.04
,,,,0.04
,,,,0.04
,,,,0.04
,,,,0.04
,,,,0.04
,,,,0.08
,,,,0.08
,,,,0.04
,,,,0.04
,,,,0.08
,,,,0.04
,,,,0.04
,,,,0.04
,,,,0.04
,,,,0.04
,,,,0.04
,,,,0.08
,,,,0.04
,,,,0.04
,,,,0
,,,,0
,,,,0.04
,,,,0
,,,,0
,,,,0
,,,,0
,,,,0.04
,,,,0.04
,,,,0.04
,,,,0
,,,,0
,,,,0.04
,,,,0.04
,,,,0
,,,,0.04
,,,,0.04
,,,,0.04
,,,,0.04
,,,,0.04
,,,,0.04
,,,,0.04
,,,,0.04
,,,,0
,,,,0
,,,,0.04
,,,,0.04
,,,,0.04
,,,,0.04
,,,,0
,,,,0.04
,,,,0.04
,,,,0.04
,,,,0.04
,,,,0.04
,,,,0
,,,,0.04
,,,,0.04
,,,,0.04
,,,,0.04
,,,,0
,,,,0.04
,,,,0.04
,,,,0.04
,,,,0.04
,,,,0.04
,,,,0.04
,,,,0.04
,,,,0.04
,,,,0.04
,,,,0.04
,,,,0.04
,,,,0.04
,,,,0
,,,,0.04
,,,,0
,,,,0
,,,,0.04
,,,,0.04
,,,,0.04
,,,,0.04
,,,,0
,,,,0
,,,,0
,,,,0.04
,,,,0
,,,,0.04
,,,,0.04
,,,,0.04
,,,,0
,,,,0
,,,,0.04
,,,,0.04
,,,,0
,,,,0.04
,,,,0.04
,,,,0.04
,,,,0
,,,,0
,,,,0.04
,,,,0.04
,,,,0.08
,,,,0.08
,,,,0.08
,,,,0.08
,,,,0.08
,,,,0.12
,,,,0.12
,,,,0.12
,,,,0.12
,,,,0.12
,,,,0.12
,,,,0.08
,,,,0.04
,,,,0
,,,,0
,,,,0
,,,,0
,,,,0
,,,,0
,,,,0
,,,,0
,,,,-0.04
,,,,-0.04
,,,,0
,,,,0
,,,,-0.04
,,,,0
,,,,0
,,,,-0.04
,,,,-0.04
,,,,-0.04
,,,,-0.04
,,,,0
,,,,-0.04
,,,,-0.04
,,,,-0.04
,,,,-0.04
,,,,-0.04
,,,,-0.04
,,,,-0.04
,,,,-0.04
,,,,-0.04
,,,,-0.04
,,,,-0.04
,,,,-0.04
,,,,-0.04
,,,,-0.04
,,,,-0.04
,,,,-0.04
,,,,-0.04
,,,,-0.04
,,,,0
,,,,0
,,,,-0.04
,,,,-0.04
,,,,0
,,,,-0.04
,,,,-0.04
,,,,-0.04
,,,,-0.04
,,,,-0.04
,,,,-0.04
,,,,-0.04
,,,,-0.04
,,,,0
,,,,0
,,,,0
,,,,0
,,,,0
,,,,0
,,,,0
,,,,0
,,,,-0.04
,,,,-0.04
,,,,-0.04
,,,,-0.04
,,,,0
,,,,0
,,,,0
,,,,-0.04
,,,,-0.04
,,,,-0.04
,,,,-0.04
,,,,-0.04
,,,,-0.08
,,,,-0.08
,,,,-0.12
,,,,-0.12
,,,,-0.08
,,,,-0.08
,,,,-0.08
,,,,-0.12
,,,,-0.16
,,,,-0.16
,,,,-0.16
,,,,-0.16
,,,,-0.12
,,,,-0.08
,,,,-0.04
,,,,-0.04
,,,,0.04
,,,,0
,,,,0
,,,,0
,,,,0.04
,,,,0
,,,,0
,,,,0
,,,,-0.04
,,,,-0.08
,,,,-0.12
,,,,-0.16
,,,,-0.2
,,,,-0.28
,,,,-0.32
,,,,-0.32
,,,,-0.32
,,,,-0.36
,,,,-0.4
,,,,-0.4
,,,,-0.44
,,,,-0.4
,,,,-0.32
,,,,-0.16
,,,,0.08
,,,,0.24
,,,,0.36
,,,,0.44
,,,,0.44
,,,,0.48
,,,,0.64
,,,,0.8
,,,,0.96
,,,,1.08
,,,,1.28
,,,,1.44
,,,,1.6
,,,,1.72
,,,,1.84
,,,,1.92
,,,,1.96
,,,,1.88
,,,,1.8
,,,,1.72
,,,,1.64
,,,,1.56
,,,,1.44
,,,,1.32
,,,,1.32
,,,,1.32
,,,,1.36
,,,,1.48
,,,,1.6
,,,,1.68
,,,,1.76
,,,,1.72
,,,,1.68
,,,,1.64
,,,,1.6
,,,,1.48
,,,,1.4
,,,,1.24
,,,,1.16
,,,,1.12
,,,,1.12
,,,,1.12
,,,,1.12
,,,,1.16
,,,,1.16
,,,,1.16
,,,,1.16
,,,,1.12
,,,,1.04
,,,,0.92
,,,,0.84
,,,,0.72
,,,,0.6
,,,,0.52
,,,,0.44
,,,,0.36
,,,,0.36
,,,,0.32
,,,,0.32
,,,,0.32
,,,,0.32
,,,,0.24
,,,,0.24
,,,,0.2
,,,,0.12
,,,,0.08
,,,,0
,,,,-0.04
,,,,-0.12
,,,,-0.12
,,,,-0.16
,,,,-0.16
,,,,-0.2
,,,,-0.24
,,,,-0.28
,,,,-0.28
,,,,-0.36
,,,,-0.36
,,,,-0.44
,,,,-0.48
,,,,-0.56
,,,,-0.64
,,,,-0.68
,,,,-0.76
,,,,-0.84
,,,,-0.92
,,,,-0.92
,,,,-1
,,,,-1
,,,,-1.04
,,,,-1.08
,,,,-1.08
,,,,-1.12
,,,,-1.16
,,,,-1.16
,,,,-1.16
,,,,-1.16
,,,,-1.16
,,,,-1.2
,,,,-1.24
,,,,-1.24
,,,,-1.24
,,,,-1.24
,,,,-1.28
,,,,-1.28
,,,,-1.32
,,,,-1.36
,,,,-1.4
,,,,-1.4
,,,,-1.44
,,,,-1.48
,,,,-1.52
,,,,-1.56
,,,,-1.56
,,,,-1.6
,,,,-1.64
,,,,-1.64
,,,,-1.6
,,,,-1.6
,,,,-1.56
,,,,-1.52
,,,,-1.48
,,,,-1.4
,,,,-1.36
,,,,-1.32
,,,,-1.28
,,,,-1.24
,,,,-1.12
,,,,-1.04
,,,,-0.88
,,,,-0.56
,,,,-0.36
,,,,-0.24
,,,,-0.12
,,,,-0.04
,,,,0
,,,,0.04
,,,,0.08
,,,,0.12
,,,,0.12
,,,,0.12
,,,,0.12
,,,,0.12
,,,,0.16
,,,,0.16
,,,,0.16
,,,,0.16
,,,,0.16
,,,,0.16
,,,,0.12
,,,,0.12
,,,,0.12
,,,,0.16
,,,,0.16
,,,,0.12
,,,,0.12
,,,,0.12
,,,,0.12
,,,,0.08
,,,,0.12
,,,,0.12
,,,,0.12
,,,,0.08
,,,,0.08
,,,,0.08
,,,,0.08
,,,,0.08
,,,,0.08
,,,,0.08
,,,,0.08
,,,,0.04
,,,,0.04
,,,,0
,,,,0.04
,,,,0.04
,,,,0.04
,,,,0.04
,,,,0.04
,,,,0.04
,,,,0.04
,,,,0.04
,,,,0.12
,,,,0.08
,,,,0.04
,,,,0.04
,,,,0.04
,,,,0.04
,,,,0.04
,,,,0.04
,,,,0
,,,,0.04
,,,,0.08
,,,,0.08
,,,,0
,,,,0
,,,,0
,,,,0
,,,,0.04
,,,,0
,,,,0
,,,,0
,,,,0
,,,,0.04
,,,,0.04
,,,,0.04
,,,,0.04
,,,,0
,,,,0.04
,,,,0.04
,,,,0
,,,,0.04
,,,,0.04
,,,,0.04
,,,,0.04
,,,,0.04
,,,,0.04
,,,,0
,,,,0
,,,,0.04
,,,,0.04
,,,,0.04
,,,,0.04
,,,,0.04
,,,,0.04
,,,,0.04
,,,,0
,,,,0
,,,,0.04
,,,,0.04
,,,,0.04
,,,,0.04
,,,,0.04
,,,,0.04
,,,,0.04
,,,,0.04
,,,,0.04
,,,,0.04
,,,,0.04
,,,,0.04
,,,,0.04
,,,,0.04
,,,,0.04
,,,,0.04
,,,,0.04
,,,,0.04
,,,,0.04
,,,,0.04
,,,,0.04
,,,,0.04
,,,,0.04
,,,,0
,,,,0.04
,,,,0.04
,,,,0.04
,,,,0.04
,,,,0.04
,,,,0.04
,,,,0.04
,,,,0.04
,,,,0.04
,,,,0
,,,,0
,,,,0
,,,,0.04
,,,,0.04
,,,,0
,,,,0.04
,,,,0.04
,,,,0
,,,,0
,,,,0.04
,,,,0
,,,,0.04
,,,,0.04
,,,,0.04
,,,,0.04
,,,,0.08
,,,,0.08
,,,,0.08
,,,,0.12
,,,,0.12
,,,,0.12
,,,,0.12
,,,,0.12
,,,,0.12
,,,,0.12
,,,,0.08
,,,,0.04
,,,,0.04
,,,,0.04
,,,,0
,,,,0.04
,,,,0
,,,,0
,,,,0
,,,,0
,,,,0
,,,,-0.04
,,,,-0.04
,,,,0
,,,,0
,,,,-0.04
,,,,0
,,,,0
,,,,-0.04
,,,,-0.04
,,,,-0.04
,,,,-0.04
,,,,0
,,,,-0.04
,,,,0
,,,,0
,,,,0
,,,,-0.04
,,,,-0.04
,,,,0
,,,,0
,,,,-0.04
,,,,-0.04
,,,,-0.04
,,,,-0.04
,,,,-0.04
,,,,-0.04
,,,,-0.04
,,,,-0.04
,,,,-0.04
,,,,-0.04
,,,,-0.04
,,,,-0.04
,,,,0
,,,,-0.04
,,,,-0.04
,,,,-0.04
,,,,-0.04
,,,,-0.04
,,,,-0.04
,,,,0
,,,,-0.04
,,,,0
,,,,0
,,,,0
,,,,0
,,,,0
,,,,0
,,,,0
,,,,0
,,,,-0.04
,,,,0
,,,,0
,,,,-0.04
,,,,-0.08
,,,,-0.04
,,,,-0.04
,,,,0
,,,,0
,,,,-0.04
,,,,-0.04
,,,,-0.04
,,,,-0.04
,,,,-0.04
,,,,-0.04
,,,,-0.08
,,,,-0.12
,,,,-0.12
,,,,-0.12
,,,,-0.08
,,,,-0.08
,,,,-0.12
,,,,-0.16
,,,,-0.2
,,,,-0.2
,,,,-0.16
,,,,-0.16
,,,,-0.08
,,,,-0.04
,,,,-0.04
,,,,0.04
,,,,0
,,,,0
,,,,0
,,,,0
,,,,0.04
,,,,0
,,,,0
,,,,0
,,,,-0.04
,,,,-0.12
,,,,-0.16
,,,,-0.2
,,,,-0.28
,,,,-0.32
,,,,-0.36
,,,,-0.36
,,,,-0.4
,,,,-0.4
,,,,-0.4
,,,,-0.44
,,,,-0.4
,,,,-0.32
,,,,-0.12
,,,,0.12
,,,,0.24
,,,,0.4
,,,,0.44
,,,,0.44
,,,,0.48
,,,,0.56
,,,,0.76
,,,,0.92
,,,,1.08
,,,,1.24
,,,,1.4
,,,,1.6
,,,,1.76
,,,,1.88
,,,,1.92
,,,,1.96
,,,,1.88
,,,,1.88
,,,,1.76
,,,,1.6
,,,,1.52
,,,,1.4
,,,,1.28
,,,,1.24
,,,,1.28
,,,,1.32
,,,,1.44
,,,,1.6
,,,,1.68
,,,,1.76
,,,,1.76
,,,,1.72
,,,,1.68
,,,,1.6
,,,,1.48
,,,,1.36
,,,,1.24
,,,,1.16
,,,,1.12
,,,,1.12
,,,,1.12
,,,,1.12
,,,,1.16
,,,,1.16
,,,,1.2
,,,,1.16
,,,,1.12
,,,,1.04
,,,,0.96
,,,,0.84
,,,,0.72
,,,,0.64
,,,,0.52
,,,,0.44
,,,,0.4
,,,,0.36
,,,,0.32
,,,,0.32
,,,,0.28
,,,,0.28
,,,,0.24
,,,,0.24
,,,,0.2
,,,,0.12
,,,,0.08
,,,,0.04
,,,,-0.04
,,,,-0.08
,,,,-0.12
,,,,-0.16
,,,,-0.16
,,,,-0.2
,,,,-0.24
,,,,-0.28
,,,,-0.32
,,,,-0.32
,,,,-0.4
,,,,-0.4
,,,,-0.48
,,,,-0.52
,,,,-0.64
,,,,-0.72
,,,,-0.76
,,,,-0.84
,,,,-0.88
,,,,-0.92
,,,,-0.96
,,,,-1
,,,,-1.04
,,,,-1.08
,,,,-1.08
,,,,-1.12
,,,,-1.16
,,,,-1.16
,,,,-1.16
,,,,-1.16
,,,,-1.16
,,,,-1.24
,,,,-1.24
,,,,-1.24
,,,,-1.24
,,,,-1.28
,,,,-1.28
,,,,-1.28
,,,,-1.32
,,,,-1.32
,,,,-1.36
,,,,-1.4
,,,,-1.44
,,,,-1.48
,,,,-1.48
,,,,-1.56
,,,,-1.56
,,,,-1.6
,,,,-1.64
,,,,-1.64
,,,,-1.6
,,,,-1.6
,,,,-1.6
,,,,-1.52
,,,,-1.52
,,,,-1.44
,,,,-1.36
,,,,-1.32
,,,,-1.28
,,,,-1.24
,,,,-1.16
,,,,-1.04
,,,,-0.88
,,,,-0.64
,,,,-0.36
,,,,-0.24
,,,,-0.12
,,,,-0.04
,,,,0
,,,,0.04
,,,,0.08
,,,,0.12
,,,,0.12
,,,,0.12
,,,,0.12
,,,,0.12
,,,,0.16
,,,,0.16
,,,,0.12
,,,,0.16
,,,,0.16
,,,,0.16
,,,,0.16
,,,,0.16
,,,,0.16
,,,,0.12
,,,,0.12
,,,,0.12
,,,,0.12
,,,,0.12
,,,,0.12
,,,,0.12
,,,,0.12
,,,,0.12
,,,,0.08
,,,,0.08
,,,,0.08
,,,,0.08
,,,,0.08
,,,,0.08
,,,,0.08
,,,,0.08
,,,,0.08
,,,,0.04
,,,,0.04
,,,,0.04
,,,,0
,,,,0
,,,,0.04
,,,,0.04
,,,,0.04
,,,,0.04
,,,,0.04
,,,,0.08
,,,,0.08
,,,,0.08
,,,,0.08
,,,,0.04
,,,,0.08
,,,,0.04
,,,,0.04
,,,,0.04
,,,,0
,,,,0
,,,,0.04
,,,,0.04
,,,,0.04
,,,,0
,,,,0
,,,,0
,,,,0
,,,,0.04
,,,,0
,,,,0
,,,,0
,,,,0.04
,,,,0.04
,,,,0
,,,,0
,,,,0
,,,,0
,,,,0.04
,,,,0.04
,,,,0.04
,,,,0.04
,,,,0.04
,,,,0.04
,,,,0.04
,,,,0.04
,,,,0.04
,,,,0
,,,,0.04
,,,,0.04
,,,,0.04
,,,,0.04
,,,,0.04
,,,,0.04
,,,,0
,,,,0.04
,,,,0.04
,,,,0
,,,,0.04
,,,,0.04
,,,,0.04
,,,,0.04
,,,,0.04
,,,,0.04
,,,,0.04
,,,,0.04
,,,,0.04
,,,,0.04
,,,,0.04
,,,,0.04
,,,,0.04
,,,,0.04
,,,,0.04
,,,,0.04
,,,,0
,,,,0.04
,,,,0.04
,,,,0.04
,,,,0.04
,,,,0.04
,,,,0.04
,,,,0.04
,,,,0.04
,,,,0.04
,,,,0.04
,,,,0.04
,,,,0
,,,,0.04
,,,,0
,,,,0.04
,,,,0.04
,,,,0.04
,,,,0.04
,,,,0.04
,,,,0.04
,,,,0.04
,,,,0.04
,,,,0
,,,,0
,,,,0
,,,,0
,,,,0.04
,,,,0.04
,,,,0.04
,,,,0.04
,,,,0.04
,,,,0.08
,,,,0.08
,,,,0.08
,,,,0.12
,,,,0.12
,,,,0.12
,,,,0.12
,,,,0.12
,,,,0.12
,,,,0.12
,,,,0.12
,,,,0.08
,,,,0.04
,,,,0
,,,,0
,,,,0
,,,,0
,,,,-0.04
,,,,0
,,,,0
,,,,-0.04
,,,,-0.04
,,,,0
,,,,-0.04
,,,,-0.04
,,,,0
,,,,0
,,,,-0.04
,,,,-0.04
,,,,-0.04
,,,,-0.04
,,,,-0.04
,,,,-0.04
,,,,-0.04
,,,,-0.04
,,,,-0.04
,,,,0
,,,,-0.04
,,,,-0.04
,,,,-0.04
,,,,-0.04
,,,,0
,,,,0
,,,,-0.04
,,,,-0.04
,,,,-0.04
,,,,0
,,,,-0.04
,,,,0
,,,,-0.04
,,,,-0.04
,,,,-0.04
,,,,-0.04
,,,,-0.04
,,,,-0.04
,,,,-0.04
,,,,-0.04
,,,,-0.04
,,,,0
,,,,0
,,,,-0.04
,,,,-0.04
,,,,-0.04
,,,,-0.04
,,,,0
,,,,-0.04
,,,,0
,,,,0
,,,,0
,,,,0
,,,,-0.04
,,,,0
,,,,0
,,,,-0.04
,,,,-0.08
,,,,-0.04
,,,,0
,,,,0
,,,,0
,,,,-0.04
,,,,-0.04
,,,,-0.04
,,,,-0.04
,,,,-0.04
,,,,-0.04
,,,,-0.08
,,,,-0.12
,,,,-0.12
,,,,-0.12
,,,,-0.08
,,,,-0.12
,,,,-0.12
,,,,-0.12
,,,,-0.2
,,,,-0.2
,,,,-0.16
,,,,-0.16
,,,,-0.08
,,,,-0.04
,,,,-0.04
,,,,0.04
,,,,0.04
,,,,0
,,,,0
,,,,0.04
,,,,0.04
,,,,0.04
,,,,0
,,,,-0.04
,,,,-0.08
,,,,-0.08
,,,,-0.16
,,,,-0.2
,,,,-0.28
,,,,-0.32
,,,,-0.36
,,,,-0.36
,,,,-0.4
,,,,-0.4
,,,,-0.4
,,,,-0.4
,,,,-0.4
,,,,-0.32
,,,,-0.16
,,,,0.08
,,,,0.28
,,,,0.36
,,,,0.44
,,,,0.44
,,,,0.48
,,,,0.56
,,,,0.76
,,,,0.92
,,,,1.04
,,,,1.24
,,,,1.44
,,,,1.6
,,,,1.72
,,,,1.88
,,,,1.96
,,,,1.96
,,,,1.92
,,,,1.8
,,,,1.72
,,,,1.6
,,,,1.52
,,,,1.4
,,,,1.32
,,,,1.24
,,,,1.24
,,,,1.32
,,,,1.48
,,,,1.6
,,,,1.72
,,,,1.76
,,,,1.76
,,,,1.72
,,,,1.68
,,,,1.6
,,,,1.52
,,,,1.4
,,,,1.24
,,,,1.16
,,,,1.12
,,,,1.08
,,,,1.12
,,,,1.16
,,,,1.16
,,,,1.16
,,,,1.16
,,,,1.16
,,,,1.12
,,,,1.04
,,,,0.96
,,,,0.84
,,,,0.72
,,,,0.64
,,,,0.52
,,,,0.44
,,,,0.4
,,,,0.36
,,,,0.32
,,,,0.32
,,,,0.32
,,,,0.28
,,,,0.28
,,,,0.24
,,,,0.2
,,,,0.12
,,,,0.04
,,,,0.04
,,,,-0.04
,,,,-0.08
,,,,-0.12
,,,,-0.16
,,,,-0.2
,,,,-0.24
,,,,-0.24
,,,,-0.28
,,,,-0.32
,,,,-0.32
,,,,-0.4
,,,,-0.4
,,,,-0.48
,,,,-0.56
,,,,-0.6
,,,,-0.72
,,,,-0.76
,,,,-0.84
,,,,-0.88
,,,,-0.96
,,,,-0.96
,,,,-1.04
,,,,-1.08
,,,,-1.04
,,,,-1.08
,,,,-1.12
,,,,-1.16
,,,,-1.16
,,,,-1.16
,,,,-1.16
,,,,-1.16
,,,,-1.2
,,,,-1.2
,,,,-1.24
,,,,-1.24
,,,,-1.24
,,,,-1.28
,,,,-1.28
,,,,-1.32
,,,,-1.32
,,,,-1.36
,,,,-1.4
,,,,-1.44
,,,,-1.48
,,,,-1.52
,,,,-1.52
,,,,-1.6
,,,,-1.6
,,,,-1.6
,,,,-1.6
,,,,-1.6
,,,,-1.6
,,,,-1.56
,,,,-1.52
,,,,-1.48
,,,,-1.44
,,,,-1.36
,,,,-1.32
,,,,-1.28
,,,,-1.24
,,,,-1.12
,,,,-1.04
,,,,-0.92
,,,,-0.64
,,,,-0.4
,,,,-0.24
,,,,-0.12
,,,,-0.04
,,,,0
,,,,0.04
,,,,0.12
,,,,0.12
,,,,0.12
,,,,0.12
,,,,0.12
,,,,0.12
,,,,0.16
,,,,0.16
,,,,0.12
,,,,0.12
,,,,0.12
,,,,0.16
,,,,0.16
,,,,0.12
,,,,0.12
,,,,0.12
,,,,0.12
,,,,0.12
,,,,0.12
,,,,0.12
,,,,0.12
,,,,0.12
,,,,0.12
,,,,0.08
,,,,0.08
,,,,0.04
,,,,0.04
,,,,0.08
,,,,0.08
,,,,0.04
,,,,0.08
,,,,0.08
,,,,0.08
,,,,0.08
,,,,0.04
,,,,0.04
,,,,0
,,,,0.04
,,,,0
,,,,0.04
,,,,0.04
,,,,0.04
,,,,0.04
,,,,0.04
,,,,0.08
,,,,0.08
,,,,0.08
,,,,0.04
,,,,0.04
,,,,0.08
,,,,0.04
,,,,0.04
,,,,0.04
,,,,0.04
,,,,0.08
,,,,0.04
,,,,0
,,,,0
,,,,0
,,,,0.04
,,,,0.04
,,,,0
,,,,0
,,,,0
,,,,0
,,,,0
,,,,0.04
,,,,0.04
,,,,0
,,,,0
,,,,0.04
,,,,0.04
,,,,0.04
,,,,0.04
,,,,0
,,,,0.04
,,,,0.04
,,,,0.04
,,,,0.04
,,,,0.04
,,,,0.04
,,,,0.04
,,,,0.04
,,,,0.04
,,,,0.04
,,,,0.04
,,,,0.04
,,,,0
,,,,0.04
,,,,0.04
,,,,0.04
,,,,0
,,,,0.04
,,,,0.04
,,,,0.04
,,,,0.04
,,,,0.04
,,,,0.04
,,,,0.04
,,,,0.04
,,,,0.04
,,,,0.04
,,,,0.04
,,,,0.04
,,,,0
,,,,0.04
,,,,0.04
,,,,0.04
,,,,0.04
,,,,0.04
,,,,0.04
,,,,0.04
,,,,0.04
,,,,0
,,,,0.04
,,,,0.04
,,,,0.04
,,,,0.04
,,,,0.04
,,,,0.04
,,,,0.04
,,,,0
,,,,0.04
,,,,0.04
,,,,0
,,,,0.04
,,,,0
,,,,0.04
,,,,0.04
,,,,0.04
,,,,0.04
,,,,0.04
,,,,0.04
,,,,0
,,,,0
,,,,0
,,,,0.04
,,,,0.04
,,,,0.04
,,,,0.08
,,,,0.08
,,,,0.12
,,,,0.12
,,,,0.12
,,,,0.12
,,,,0.12
,,,,0.12
,,,,0.12
,,,,0.12
,,,,0.08
,,,,0.08
,,,,0.04
,,,,0.04
,,,,0
,,,,0
,,,,0
,,,,0
,,,,0
,,,,0
,,,,0
,,,,-0.04
,,,,-0.04
,,,,-0.04
,,,,0
,,,,0
,,,,0
,,,,0
,,,,-0.04
,,,,-0.04
,,,,-0.04
,,,,-0.04
,,,,-0.04
,,,,0
,,,,0
,,,,-0.04
,,,,-0.04
,,,,-0.04
,,,,-0.04
,,,,-0.04
,,,,-0.04
,,,,-0.04
,,,,-0.04
,,,,-0.04
,,,,-0.04
,,,,-0.04
,,,,-0.04
,,,,-0.04
,,,,-0.04
,,,,-0.04
,,,,-0.04
,,,,-0.04
,,,,-0.04
,,,,-0.04
,,,,-0.04
,,,,-0.04
,,,,-0.04
,,,,-0.04
,,,,0
,,,,-0.04
,,,,-0.04
,,,,-0.04
,,,,-0.04
,,,,0
,,,,0
,,,,-0.04
,,,,0
,,,,0
,,,,0
,,,,0
,,,,0
,,,,0
,,,,-0.04
,,,,-0.04
,,,,-0.08
,,,,-0.04
,,,,0
,,,,0
,,,,0
,,,,-0.04
,,,,-0.04
,,,,-0.04
,,,,-0.04
,,,,-0.04
,,,,-0.04
,,,,-0.08
,,,,-0.08
,,,,-0.12
,,,,-0.12
,,,,-0.08
,,,,-0.12
,,,,-0.12
,,,,-0.16
,,,,-0.2
,,,,-0.16
,,,,-0.16
,,,,-0.16
,,,,-0.08
,,,,-0.04
,,,,-0.04
,,,,0.04
,,,,0
,,,,-0.04
,,,,0
,,,,0
,,,,0
,,,,0.04
,,,,0
,,,,0
,,,,-0.08
,,,,-0.12
,,,,-0.16
,,,,-0.2
,,,,-0.28
,,,,-0.32
,,,,-0.32
,,,,-0.36
,,,,-0.36
,,,,-0.4
,,,,-0.4
,,,,-0.44
,,,,-0.4
,,,,-0.32
,,,,-0.16
,,,,0.08
,,,,0.24
,,,,0.36
,,,,0.44
,,,,0.44
,,,,0.48
,,,,0.56
,,,,0.76
,,,,0.92
,,,,1.04
,,,,1.24
,,,,1.4
,,,,1.6
,,,,1.72
,,,,1.88
,,,,1.96
,,,,2
,,,,1.92
,,,,1.84
,,,,1.72
,,,,1.64
,,,,1.56
,,,,1.4
,,,,1.32
,,,,1.24
,,,,1.24
,,,,1.32
,,,,1.44
,,,,1.56
,,,,1.68
,,,,1.76
,,,,1.76
,,,,1.72
,,,,1.68
,,,,1.6
,,,,1.48
,,,,1.36
,,,,1.24
,,,,1.2
,,,,1.12
,,,,1.12
,,,,1.08
,,,,1.12
,,,,1.16
,,,,1.16
,,,,1.16
,,,,1.16
,,,,1.12
,,,,1.04
,,,,0.96
,,,,0.84
,,,,0.76
,,,,0.64
,,,,0.52
,,,,0.44
,,,,0.4
,,,,0.36
,,,,0.32
,,,,0.32
,,,,0.28
,,,,0.28
,,,,0.24
,,,,0.24
,,,,0.2
,,,,0.12
,,,,0.08
,,,,0
,,,,-0.04
,,,,-0.08
,,,,-0.12
,,,,-0.16
,,,,-0.2
,,,,-0.2
,,,,-0.24
,,,,-0.28
,,,,-0.32
,,,,-0.32
,,,,-0.36
,,,,-0.44
,,,,-0.48
,,,,-0.52
,,,,-0.6
,,,,-0.72
,,,,-0.76
,,,,-0.84
,,,,-0.88
,,,,-0.92
,,,,-0.96
,,,,-1
,,,,-1.04
,,,,-1.08
,,,,-1.12
,,,,-1.12
,,,,-1.12
,,,,-1.16
,,,,-1.16
,,,,-1.16
,,,,-1.16
,,,,-1.2
,,,,-1.24
,,,,-1.24
,,,,-1.24
,,,,-1.24
,,,,-1.28
,,,,-1.28
,,,,-1.32
,,,,-1.32
,,,,-1.36
,,,,-1.4
,,,,-1.44
,,,,-1.44
,,,,-1.52
,,,,-1.52
,,,,-1.56
,,,,-1.6
,,,,-1.6
,,,,-1.6
,,,,-1.6
,,,,-1.6
,,,,-1.6
,,,,-1.56
,,,,-1.48
,,,,-1.44
,,,,-1.36
,,,,-1.28
,,,,-1.28
,,,,-1.24
,,,,-1.16
,,,,-1.04
,,,,-0.92
,,,,-0.64
,,,,-0.44
,,,,-0.24
,,,,-0.12
,,,,-0.04
,,,,0
,,,,0.04
,,,,0.08
,,,,0.12
,,,,0.12
,,,,0.12
,,,,0.12
,,,,0.16
,,,,0.16
,,,,0.16
,,,,0.16
,,,,0.16
,,,,0.12
,,,,0.16
,,,,0.16
,,,,0.16
,,,,0.12
,,,,0.12
,,,,0.12
,,,,0.12
,,,,0.12
,,,,0.12
,,,,0.12
,,,,0.12
,,,,0.12
,,,,0.12
,,,,0.08
,,,,0.08
,,,,0.08
,,,,0.08
,,,,0.08
,,,,0.08
,,,,0.12
,,,,0.08
,,,,0.04
,,,,0.08
,,,,0.04
,,,,0.04
,,,,0.04
,,,,0.04
,,,,0.04
,,,,0.04
,,,,0.04
,,,,0.04
,,,,0.04
,,,,0.04
,,,,0.08
,,,,0.08
,,,,0.08
,,,,0.04
,,,,0.04
,,,,0.04
,,,,0.04
,,,,0.04
,,,,0.04
,,,,0.04
,,,,0.04
,,,,0.04
,,,,0
,,,,-0.04
,,,,0
,,,,0
,,,,0
,,,,0
,,,,0
,,,,0
,,,,0
,,,,0.04
,,,,0.04
,,,,0
,,,,0.04
,,,,0
,,,,0
,,,,0.04
,,,,0.04
,,,,0.04
,,,,0.04
,,,,0.04
,,,,0.04
,,,,0.04
,,,,0.04
,,,,0.04
,,,,0.04
,,,,0.04
,,,,0.04
,,,,0.04
,,,,0.04
,,,,0
,,,,0.04
,,,,0
,,,,0
,,,,0.04
,,,,0.04
,,,,0.04
,,,,0.04
,,,,0.04
,,,,0.04
,,,,0.04
,,,,0.04
,,,,0.04
,,,,0.04
,,,,0.04
,,,,0.04
,,,,0.04
,,,,0.04
,,,,0.04
,,,,0.04
,,,,0.04
,,,,0.04
,,,,0.04
,,,,0.04
,,,,0.04
,,,,0.04
,,,,0.04
,,,,0.04
,,,,0.04
,,,,0.04
,,,,0.04
,,,,0.04
,,,,0.04
,,,,0
,,,,0.04
,,,,0
,,,,0
,,,,0.04
,,,,0.04
,,,,0.04
,,,,0.04
,,,,0.04
,,,,0.04
,,,,0.04
,,,,0.04
,,,,0.04
,,,,0.04
,,,,0.04
,,,,0
,,,,0.04
,,,,0.04
,,,,0
,,,,0.04
,,,,0.04
,,,,0.08
,,,,0.08
,,,,0.08
,,,,0.12
,,,,0.12
,,,,0.12
,,,,0.12
,,,,0.12
,,,,0.12
,,,,0.12
,,,,0.12
,,,,0.08
,,,,0.04
,,,,0
,,,,0.04
,,,,0
,,,,0
,,,,0
,,,,0
,,,,0
,,,,0
,,,,0
,,,,0
,,,,-0.04
,,,,0
,,,,-0.04
,,,,-0.04
,,,,0
,,,,-0.04
,,,,0
,,,,0
,,,,-0.04
,,,,-0.04
,,,,-0.04
,,,,-0.04
,,,,-0.04
,,,,-0.04
,,,,-0.04
,,,,-0.04
,,,,-0.04
,,,,0
,,,,-0.04
,,,,-0.04
,,,,-0.04
,,,,0
,,,,-0.04
,,,,-0.04
,,,,-0.04
,,,,-0.04
,,,,-0.04
,,,,-0.04
,,,,-0.04
,,,,-0.04
,,,,0
,,,,-0.04
,,,,-0.04
,,,,-0.04
,,,,-0.04
,,,,0
,,,,0
,,,,-0.04
,,,,-0.04
,,,,-0.04
,,,,0
,,,,0
,,,,0
,,,,0
,,,,0
,,,,0
,,,,0
,,,,0
,,,,0
,,,,0
,,,,-0.04
,,,,-0.04
,,,,-0.04
,,,,0
,,,,0
,,,,-0.04
,,,,-0.04
,,,,-0.08
,,,,-0.04
,,,,-0.04
,,,,-0.04
,,,,-0.04
,,,,-0.08
,,,,-0.12
,,,,-0.12
,,,,-0.12
,,,,-0.08
,,,,-0.08
,,,,-0.12
,,,,-0.12
,,,,-0.2
,,,,-0.2
,,,,-0.16
,,,,-0.16
,,,,-0.04
,,,,-0.04
,,,,-0.04
,,,,0.04
,,,,0
,,,,-0.04
,,,,0
,,,,0
,,,,0
,,,,0.04
,,,,0
,,,,-0.04
,,,,-0.04
,,,,-0.12
,,,,-0.16
,,,,-0.2
,,,,-0.28
,,,,-0.32
,,,,-0.32
,,,,-0.36
,,,,-0.4
,,,,-0.36
,,,,-0.4
,,,,-0.4
,,,,-0.4
,,,,-0.32
,,,,-0.16
,,,,0.08
,,,,0.24
,,,,0.4
,,,,0.44
,,,,0.44
,,,,0.48
,,,,0.56
,,,,0.72
,,,,0.92
,,,,1.04
,,,,1.2
,,,,1.4
,,,,1.56
,,,,1.76
,,,,1.88
,,,,1.96
,,,,2
,,,,1.92
,,,,1.88
,,,,1.76
,,,,1.64
,,,,1.56
,,,,1.44
,,,,1.32
,,,,1.24
,,,,1.24
,,,,1.32
,,,,1.4
,,,,1.52
,,,,1.68
,,,,1.76
,,,,1.76
,,,,1.72
,,,,1.68
,,,,1.6
,,,,1.52
,,,,1.4
,,,,1.24
,,,,1.16
,,,,1.12
,,,,1.08
,,,,1.08
,,,,1.08
,,,,1.12
,,,,1.16
,,,,1.16
,,,,1.16
,,,,1.12
,,,,1.08
,,,,0.96
,,,,0.88
,,,,0.76
,,,,0.64
,,,,0.52
,,,,0.44
,,,,0.4
,,,,0.36
,,,,0.32
,,,,0.32
,,,,0.32
,,,,0.32
,,,,0.28
,,,,0.24
,,,,0.2
,,,,0.12
,,,,0.04
,,,,0
,,,,-0.08
,,,,-0.08
,,,,-0.12
,,,,-0.16
,,,,-0.16
,,,,-0.2
,,,,-0.24
,,,,-0.28
,,,,-0.28
,,,,-0.36
,,,,-0.36
,,,,-0.44
,,,,-0.48
,,,,-0.56
,,,,-0.64
,,,,-0.72
,,,,-0.8
,,,,-0.84
,,,,-0.88
,,,,-0.92
,,,,-1
,,,,-1.04
,,,,-1.04
,,,,-1.08
,,,,-1.12
,,,,-1.12
,,,,-1.16
,,,,-1.16
,,,,-1.16
,,,,-1.16
,,,,-1.16
,,,,-1.2
,,,,-1.2
,,,,-1.24
,,,,-1.24
,,,,-1.24
,,,,-1.28
,,,,-1.28
,,,,-1.32
,,,,-1.32
,,,,-1.36
,,,,-1.4
,,,,-1.44
,,,,-1.48
,,,,-1.52
,,,,-1.52
,,,,-1.6
,,,,-1.64
,,,,-1.6
,,,,-1.6
,,,,-1.6
,,,,-1.56
,,,,-1.56
,,,,-1.52
,,,,-1.48
,,,,-1.44
,,,,-1.36
,,,,-1.32
,,,,-1.28
,,,,-1.24
,,,,-1.12
,,,,-1.04
,,,,-0.92
,,,,-0.6
,,,,-0.36
,,,,-0.24
,,,,-0.12
,,,,0
,,,,0
,,,,0.04
,,,,0.08
,,,,0.08
,,,,0.12
,,,,0.12
,,,,0.12
,,,,0.16
,,,,0.16
,,,,0.16
,,,,0.16
,,,,0.16
,,,,0.16
,,,,0.16
,,,,0.12
,,,,0.12
,,,,0.12
,,,,0.12
,,,,0.12
,,,,0.12
,,,,0.12
,,,,0.12
,,,,0.12
,,,,0.12
,,,,0.08
,,,,0.12
,,,,0.08
,,,,0.08
,,,,0.08
,,,,0.08
,,,,0.08
,,,,0.08
,,,,0.08
,,,,0.08
,,,,0.08
,,,,0.04
,,,,0.04
,,,,0
,,,,0
,,,,0.04
,,,,0.04
,,,,0.04
,,,,0.04
,,,,0.04
,,,,0.04
,,,,0.08
,,,,0.08
,,,,0.08
,,,,0.04
,,,,0.08
,,,,0.04
,,,,0.04
,,,,0.04
,,,,0.04
,,,,0.04
,,,,0
,,,,0.04
,,,,0.04
,,,,0
,,,,0
,,,,0
,,,,0
,,,,0.04
,,,,0
,,,,0
,,,,0
,,,,0.04
,,,,0
,,,,0.04
,,,,0
,,,,0
,,,,0
,,,,0
,,,,0.04
,,,,0.04
,,,,0.04
,,,,0
,,,,0.04
,,,,0.04
,,,,0.04
,,,,0.04
,,,,0
,,,,0.04
,,,,0.04
,,,,0
,,,,0.04
,,,,0.04
,,,,0.04
,,,,0
,,,,0
,,,,0.04
,,,,0.04
,,,,0
,,,,0
,,,,0.04
,,,,0.04
,,,,0.04
,,,,0.04
,,,,0.04
,,,,0.04
,,,,0.04
,,,,0
,,,,0
,,,,0.04
,,,,0.04
,,,,0.04
,,,,0.04
,,,,0.04
,,,,0.04
,,,,0.04
,,,,0.04
,,,,0.04
,,,,0.04
,,,,0.04
,,,,0.04
,,,,0.04
,,,,0.04
,,,,0.04
,,,,0.04
,,,,0.04
,,,,0
,,,,0.04
,,,,0.04
,,,,0.04
,,,,0.04
,,,,0.04
,,,,0.04
,,,,0
,,,,0
,,,,0.04
,,,,0
,,,,0
,,,,0.04
,,,,0
,,,,0.04
,,,,0.04
,,,,0.04
,,,,0.04
,,,,0.04
,,,,0.04
,,,,0.04
,,,,0.08
,,,,0.08
,,,,0.08
,,,,0.12
,,,,0.12
,,,,0.12
,,,,0.12
,,,,0.12
,,,,0.12
,,,,0.12
,,,,0.12
,,,,0.04
,,,,0.04
,,,,0.04
,,,,0.04
,,,,0
,,,,0
,,,,0
,,,,0
,,,,0
,,,,0
,,,,0
,,,,0
,,,,0
,,,,0
,,,,0
,,,,0
,,,,-0.04
,,,,-0.04
,,,,0
,,,,-0.04
,,,,0
,,,,-0.04
,,,,-0.04
,,,,0
,,,,-0.04
,,,,-0.04
,,,,-0.04
,,,,-0.04
,,,,-0.04
,,,,-0.04
,,,,-0.04
,,,,-0.04
,,,,-0.04
,,,,-0.04
,,,,-0.04
,,,,-0.04
,,,,-0.04
,,,,-0.04
,,,,-0.04
,,,,-0.04
,,,,-0.04
,,,,-0.04
,,,,0
,,,,-0.04
,,,,-0.04
,,,,-0.04
,,,,0
,,,,0
,,,,-0.04
,,,,-0.04
,,,,-0.04
,,,,0
,,,,0
,,,,0
,,,,0
,,,,0
,,,,0
,,,,0.04
,,,,0
,,,,0
,,,,0
,,,,-0.04
,,,,-0.04
,,,,-0.08
,,,,-0.04
,,,,0
,,,,0
,,,,-0.04
,,,,-0.04
,,,,-0.04
,,,,-0.04
,,,,0
,,,,-0.04
,,,,-0.04
,,,,-0.08
,,,,-0.12
,,,,-0.12
,,,,-0.08
,,,,-0.08
,,,,-0.12
,,,,-0.08
,,,,-0.16
,,,,-0.2
,,,,-0.16
,,,,-0.16
,,,,-0.16
,,,,-0.04
,,,,-0.04
,,,,0
,,,,0
,,,,0
,,,,0
,,,,0
,,,,0.04
,,,,0
,,,,0
,,,,0
,,,,0
,,,,-0.04
,,,,-0.12
,,,,-0.16
,,,,-0.2
,,,,-0.28
,,,,-0.32
,,,,-0.36
,,,,-0.36
,,,,-0.36
,,,,-0.4
,,,,-0.4
,,,,-0.44
,,,,-0.4
,,,,-0.28
,,,,-0.16
,,,,0.08
,,,,0.28
,,,,0.36
,,,,0.44
,,,,0.44
,,,,0.48
,,,,0.6
,,,,0.76
,,,,0.92
,,,,1.08
,,,,1.24
,,,,1.44
,,,,1.6
,,,,1.76
,,,,1.88
,,,,1.96
,,,,1.92
,,,,1.88
,,,,1.84
,,,,1.72
,,,,1.64
,,,,1.52
,,,,1.4
,,,,1.32
,,,,1.24
,,,,1.28
,,,,1.36
,,,,1.44
,,,,1.56
,,,,1.68
,,,,1.72
,,,,1.72
,,,,1.72
,,,,1.64
,,,,1.6
,,,,1.48
,,,,1.36
,,,,1.24
,,,,1.16
,,,,1.12
,,,,1.08
,,,,1.12
,,,,1.12
,,,,1.16
,,,,1.16
,,,,1.16
,,,,1.16
,,,,1.12
,,,,1.04
,,,,0.96
,,,,0.84
,,,,0.72
,,,,0.64
,,,,0.52
,,,,0.44
,,,,0.4
,,,,0.32
,,,,0.32
,,,,0.32
,,,,0.28
,,,,0.28
,,,,0.24
,,,,0.24
,,,,0.2
,,,,0.12
,,,,0.08
,,,,0
,,,,-0.04
,,,,-0.08
,,,,-0.12
,,,,-0.16
,,,,-0.2
,,,,-0.24
,,,,-0.28
,,,,-0.28
,,,,-0.32
,,,,-0.32
,,,,-0.36
,,,,-0.4
,,,,-0.48
,,,,-0.56
,,,,-0.6
,,,,-0.72
,,,,-0.8
,,,,-0.84
,,,,-0.88
,,,,-0.92
,,,,-1
,,,,-1.04
,,,,-1.04
,,,,-1.08
,,,,-1.08
,,,,-1.12
,,,,-1.12
,,,,-1.16
,,,,-1.16
,,,,-1.16
,,,,-1.16
,,,,-1.2
,,,,-1.24
,,,,-1.24
,,,,-1.24
,,,,-1.28
,,,,-1.28
,,,,-1.28
,,,,-1.32
,,,,-1.32
,,,,-1.4
,,,,-1.4
,,,,-1.44
,,,,-1.44
,,,,-1.52
,,,,-1.56
,,,,-1.6
,,,,-1.6
,,,,-1.64
,,,,-1.64
,,,,-1.6
,,,,-1.6
,,,,-1.56
,,,,-1.52
,,,,-1.48
,,,,-1.44
,,,,-1.36
,,,,-1.32
,,,,-1.28
,,,,-1.24
,,,,-1.12
,,,,-1.04
,,,,-0.88
,,,,-0.6
,,,,-0.4
,,,,-0.24
,,,,-0.12
,,,,-0.04
,,,,0.04
,,,,0.04
,,,,0.08
,,,,0.08
,,,,0.12
,,,,0.12
,,,,0.16
,,,,0.12
,,,,0.16
,,,,0.16
,,,,0.16
,,,,0.16
,,,,0.16
,,,,0.12
,,,,0.16
,,,,0.12
,,,,0.12
,,,,0.12
,,,,0.12
,,,,0.12
,,,,0.12
,,,,0.12
,,,,0.12
,,,,0.12
,,,,0.08
,,,,0.08
,,,,0.08
,,,,0.08
,,,,0.08
,,,,0.08
,,,,0.04
,,,,0.08
,,,,0.08
,,,,0.08
,,,,0.08
,,,,0.04
,,,,0.04
,,,,0.04
,,,,0
,,,,0
,,,,0.04
,,,,0.04
,,,,0.04
,,,,0.04
,,,,0.04
,,,,0.04
,,,,0.08
,,,,0.08
,,,,0.04
,,,,0.04
,,,,0.08
,,,,0.04
,,,,0.04
,,,,0.04
,,,,0.04
,,,,0.04
,,,,0.04
,,,,0.08
,,,,0.04
,,,,0.04
,,,,0
,,,,0
,,,,0.04
,,,,0
,,,,0
,,,,0
,,,,0
,,,,0.04
,,,,0.04
,,,,0.04
,,,,0
,,,,0
,,,,0.04
,,,,0.04
,,,,0
,,,,0.04
,,,,0.04
,,,,0.04
,,,,0.04
,,,,0.04
,,,,0.04
,,,,0.04
,,,,0.04
,,,,0
,,,,0
,,,,0.04
,,,,0.04
,,,,0.04
,,,,0.04
,,,,0
,,,,0.04
,,,,0.04
,,,,0.04
,,,,0.04
,,,,0.04
,,,,0
,,,,0.04
,,,,0.04
,,,,0.04
,,,,0.04
,,,,0
,,,,0.04
,,,,0.04
,,,,0.04
,,,,0.04
,,,,0.04
,,,,0.04
,,,,0.04
,,,,0.04
,,,,0.04
,,,,0.04
,,,,0.04
,,,,0.04
,,,,0
,,,,0.04
,,,,0
,,,,0
,,,,0.04
,,,,0.04
,,,,0.04
,,,,0.04
,,,,0
,,,,0
,,,,0
,,,,0.04
,,,,0
,,,,0.04
,,,,0.04
,,,,0.04
,,,,0
,,,,0
,,,,0.04
,,,,0.04
,,,,0
,,,,0.04
,,,,0.04
,,,,0.04
,,,,0
,,,,0
,,,,0.04
,,,,0.04
,,,,0.08
,,,,0.08
,,,,0.08
,,,,0.08
,,,,0.08
,,,,0.12
,,,,0.12
,,,,0.12
,,,,0.12
,,,,0.12
,,,,0.12
,,,,0.08
,,,,0.04
,,,,0
,,,,0
,,,,0
,,,,0
,,,,0
,,,,0
,,,,0
,,,,0
,,,,-0.04
,,,,-0.04
,,,,0
,,,,0
,,,,-0.04
,,,,0
,,,,0
,,,,-0.04
,,,,-0.04
,,,,-0.04
,,,,-0.04
,,,,0
,,,,-0.04
,,,,-0.04
,,,,-0.04
,,,,-0.04
,,,,-0.04
,,,,-0.04
,,,,-0.04
,,,,-0.04
,,,,-0.04
,,,,-0.04
,,,,-0.04
,,,,-0.04
,,,,-0.04
,,,,-0.04
,,,,-0.04
,,,,-0.04
,,,,-0.04
,,,,-0.04
,,,,0
,,,,0
,,,,-0.04
,,,,-0.04
,,,,0
,,,,-0.04
,,,,-0.04
,,,,-0.04
,,,,-0.04
,,,,-0.04
,,,,-0.04
,,,,-0.04
,,,,-0.04
,,,,0
,,,,0
,,,,0
,,,,0
,,,,0
,,,,0
,,,,0
,,,,0
,,,,-0.04
,,,,-0.04
,,,,-0.04
,,,,-0.04
,,,,0
,,,,0
,,,,0
,,,,-0.04
,,,,-0.04
,,,,-0.04
,,,,-0.04
,,,,-0.04
,,,,-0.08
,,,,-0.08
,,,,-0.12
,,,,-0.12
,,,,-0.08
,,,,-0.08
,,,,-0.08
,,,,-0.12
,,,,-0.16
,,,,-0.16
,,,,-0.16
,,,,-0.16
,,,,-0.12
,,,,-0.08
,,,,-0.04
,,,,-0.04
,,,,0.04
,,,,0
,,,,0
,,,,0
,,,,0.04
,,,,0
,,,,0
,,,,0
,,,,-0.04
,,,,-0.08
,,,,-0.12
,,,,-0.16
,,,,-0.2
,,,,-0.28
,,,,-0.32
,,,,-0.32
,,,,-0.32
,,,,-0.36
,,,,-0.4
,,,,-0.4
,,,,-0.44
,,,,-0.4
,,,,-0.32
,,,,-0.16
,,,,0.08
,,,,0.24
,,,,0.36
,,,,0.44
,,,,0.44
,,,,0.48
,,,,0.64
,,,,0.8
,,,,0.96
,,,,1.08
,,,,1.28
,,,,1.44
,,,,1.6
,,,,1.72
,,,,1.84
,,,,1.92
,,,,1.96
,,,,1.88
,,,,1.8
,,,,1.72
,,,,1.64
,,,,1.56
,,,,1.44
,,,,1.32
,,,,1.32
,,,,1.32
,,,,1.36
,,,,1.48
,,,,1.6
,,,,1.68
,,,,1.76
,,,,1.72
,,,,1.68
,,,,1.64
,,,,1.6
,,,,1.48
,,,,1.4
,,,,1.24
,,,,1.16
,,,,1.12
,,,,1.12
,,,,1.12
,,,,1.12
,,,,1.16
,,,,1.16
,,,,1.16
,,,,1.16
,,,,1.12
,,,,1.04
,,,,0.92
,,,,0.84
,,,,0.72
,,,,0.6
,,,,0.52
,,,,0.44
,,,,0.36
,,,,0.36
,,,,0.32
,,,,0.32
,,,,0.32
,,,,0.32
,,,,0.24
,,,,0.24
,,,,0.2
,,,,0.12
,,,,0.08
,,,,0
,,,,-0.04
,,,,-0.12
,,,,-0.12
,,,,-0.16
,,,,-0.16
,,,,-0.2
,,,,-0.24
,,,,-0.28
,,,,-0.28
,,,,-0.36
,,,,-0.36
,,,,-0.44
,,,,-0.48
,,,,-0.56
,,,,-0.64
,,,,-0.68
,,,,-0.76
,,,,-0.84
,,,,-0.92
,,,,-0.92
,,,,-1
,,,,-1
,,,,-1.04
,,,,-1.08
,,,,-1.08
,,,,-1.12
,,,,-1.16
,,,,-1.16
,,,,-1.16
,,,,-1.16
,,,,-1.16
,,,,-1.2
,,,,-1.24
,,,,-1.24
,,,,-1.24
,,,,-1.24
,,,,-1.28
,,,,-1.28
,,,,-1.32
,,,,-1.36
,,,,-1.4
,,,,-1.4
,,,,-1.44
,,,,-1.48
,,,,-1.52
,,,,-1.56
,,,,-1.56
,,,,-1.6
,,,,-1.64
,,,,-1.64
,,,,-1.6
,,,,-1.6
,,,,-1.56
,,,,-1.52
,,,,-1.48
,,,,-1.4
,,,,-1.36
,,,,-1.32
,,,,-1.28
,,,,-1.24
,,,,-1.12
,,,,-1.04
,,,,-0.88
,,,,-0.56
,,,,-0.36
,,,,-0.24
,,,,-0.12
,,,,-0.04
,,,,0
,,,,0.04
,,,,0.08
,,,,0.12
,,,,0.12
,,,,0.12
,,,,0.12
,,,,0.12
,,,,0.16
,,,,0.16
,,,,0.16
,,,,0.16
,,,,0.16
,,,,0.16
,,,,0.12
,,,,0.12
,,,,0.12
,,,,0.16
,,,,0.16
,,,,0.12
,,,,0.12
,,,,0.12
,,,,0.12
,,,,0.08
,,,,0.12
,,,,0.12
,,,,0.12
,,,,0.08
,,,,0.08
,,,,0.08
,,,,0.08
,,,,0.08
,,,,0.08
,,,,0.08
,,,,0.08
,,,,0.04
,,,,0.04
,,,,0
,,,,0.04
,,,,0.04
,,,,0.04
,,,,0.04
,,,,0.04
,,,,0.04
,,,,0.04
,,,,0.04
,,,,0.12
,,,,0.08
,,,,0.04
,,,,0.04
,,,,0.04
,,,,0.04
,,,,0.04
,,,,0.04
,,,,0
,,,,0.04
,,,,0.08
,,,,0.08
,,,,0
,,,,0
,,,,0
,,,,0
,,,,0.04
,,,,0
,,,,0
,,,,0
,,,,0
,,,,0.04
,,,,0.04
,,,,0.04
,,,,0.04
,,,,0
,,,,0.04
,,,,0.04
,,,,0
,,,,0.04
,,,,0.04
,,,,0.04
,,,,0.04
,,,,0.04
,,,,0.04
,,,,0
,,,,0
,,,,0.04
,,,,0.04
,,,,0.04
,,,,0.04
,,,,0.04
,,,,0.04
,,,,0.04
,,,,0
,,,,0
,,,,0.04
,,,,0.04
,,,,0.04
,,,,0.04
,,,,0.04
,,,,0.04
,,,,0.04
,,,,0.04
,,,,0.04
,,,,0.04
,,,,0.04
,,,,0.04
,,,,0.04
,,,,0.04
,,,,0.04
,,,,0.04
,,,,0.04
,,,,0.04
,,,,0.04
,,,,0.04
,,,,0.04
,,,,0.04
,,,,0.04
,,,,0
,,,,0.04
,,,,0.04
,,,,0.04
,,,,0.04
,,,,0.04
,,,,0.04
,,,,0.04
,,,,0.04
,,,,0.04
,,,,0
,,,,0
,,,,0
,,,,0.04
,,,,0.04
,,,,0
,,,,0.04
,,,,0.04
,,,,0
,,,,0
,,,,0.04
,,,,0
,,,,0.04
,,,,0.04
,,,,0.04
,,,,0.04
,,,,0.08
,,,,0.08
,,,,0.08
,,,,0.12
,,,,0.12
,,,,0.12
,,,,0.12
,,,,0.12
,,,,0.12
,,,,0.12
,,,,0.08
,,,,0.04
,,,,0.04
,,,,0.04
,,,,0
,,,,0.04
,,,,0
,,,,0
,,,,0
,,,,0
,,,,0
,,,,-0.04
,,,,-0.04
,,,,0
,,,,0
,,,,-0.04
,,,,0
,,,,0
,,,,-0.04
,,,,-0.04
,,,,-0.04
,,,,-0.04
,,,,0
,,,,-0.04
,,,,0
,,,,0
,,,,0
,,,,-0.04
,,,,-0.04
,,,,0
,,,,0
,,,,-0.04
,,,,-0.04
,,,,-0.04
,,,,-0.04
,,,,-0.04
,,,,-0.04
,,,,-0.04
,,,,-0.04
,,,,-0.04
,,,,-0.04
,,,,-0.04
,,,,-0.04
,,,,0
,,,,-0.04
,,,,-0.04
,,,,-0.04
,,,,-0.04
,,,,-0.04
,,,,-0.04
,,,,0
,,,,-0.04
,,,,0
,,,,0
,,,,0
,,,,0
,,,,0
,,,,0
,,,,0
,,,,0
,,,,-0.04
,,,,0
,,,,0
,,,,-0.04
,,,,-0.08
,,,,-0.04
,,,,-0.04
,,,,0
,,,,0
,,,,-0.04
,,,,-0.04
,,,,-0.04
,,,,-0.04
,,,,-0.04
,,,,-0.04
,,,,-0.08
,,,,-0.12
,,,,-0.12
,,,,-0.12
,,,,-0.08
,,,,-0.08
,,,,-0.12
,,,,-0.16
,,,,-0.2
,,,,-0.2
,,,,-0.16
,,,,-0.16
,,,,-0.08
,,,,-0.04
,,,,-0.04
,,,,0.04
,,,,0
,,,,0
,,,,0
,,,,0
,,,,0.04
,,,,0
,,,,0
,,,,0
,,,,-0.04
,,,,-0.12
,,,,-0.16
,,,,-0.2
,,,,-0.28
,,,,-0.32
,,,,-0.36
,,,,-0.36
,,,,-0.4
,,,,-0.4
,,,,-0.4
,,,,-0.44
,,,,-0.4
,,,,-0.32
,,,,-0.12
,,,,0.12
,,,,0.24
,,,,0.4
,,,,0.44
,,,,0.44
,,,,0.48
,,,,0.56
,,,,0.76
,,,,0.92
,,,,1.08
,,,,1.24
,,,,1.4
,,,,1.6
,,,,1.76
,,,,1.88
,,,,1.92
,,,,1.96
,,,,1.88
,,,,1.88
,,,,1.76
,,,,1.6
,,,,1.52
,,,,1.4
,,,,1.28
,,,,1.24
,,,,1.28
,,,,1.32
,,,,1.44
,,,,1.6
,,,,1.68
,,,,1.76
,,,,1.76
,,,,1.72
,,,,1.68
,,,,1.6
,,,,1.48
,,,,1.36
,,,,1.24
,,,,1.16
,,,,1.12
,,,,1.12
,,,,1.12
,,,,1.12
,,,,1.16
,,,,1.16
,,,,1.2
,,,,1.16
,,,,1.12
,,,,1.04
,,,,0.96
,,,,0.84
,,,,0.72
,,,,0.64
,,,,0.52
,,,,0.44
,,,,0.4
,,,,0.36
,,,,0.32
,,,,0.32
,,,,0.28
,,,,0.28
,,,,0.24
,,,,0.24
,,,,0.2
,,,,0.12
,,,,0.08
,,,,0.04
,,,,-0.04
,,,,-0.08
,,,,-0.12
,,,,-0.16
,,,,-0.16
,,,,-0.2
,,,,-0.24
,,,,-0.28
,,,,-0.32
,,,,-0.32
,,,,-0.4
,,,,-0.4
,,,,-0.48
,,,,-0.52
,,,,-0.64
,,,,-0.72
,,,,-0.76
,,,,-0.84
,,,,-0.88
,,,,-0.92
,,,,-0.96
,,,,-1
,,,,-1.04
,,,,-1.08
,,,,-1.08
,,,,-1.12
,,,,-1.16
,,,,-1.16
,,,,-1.16
,,,,-1.16
,,,,-1.16
,,,,-1.24
,,,,-1.24
,,,,-1.24
,,,,-1.24
,,,,-1.28
,,,,-1.28
,,,,-1.28
,,,,-1.32
,,,,-1.32
,,,,-1.36
,,,,-1.4
,,,,-1.44
,,,,-1.48
,,,,-1.48
,,,,-1.56
,,,,-1.56
,,,,-1.6
,,,,-1.64
,,,,-1.64
,,,,-1.6
,,,,-1.6
,,,,-1.6
,,,,-1.52
,,,,-1.52
,,,,-1.44
,,,,-1.36
,,,,-1.32
,,,,-1.28
,,,,-1.24
,,,,-1.16
,,,,-1.04
,,,,-0.88
,,,,-0.64
,,,,-0.36
,,,,-0.24
,,,,-0.12
,,,,-0.04
,,,,0
,,,,0.04
,,,,0.08
,,,,0.12
,,,,0.12
,,,,0.12
,,,,0.12
,,,,0.12
,,,,0.16
,,,,0.16
,,,,0.12
,,,,0.16
,,,,0.16
,,,,0.16
,,,,0.16
,,,,0.16
,,,,0.16
,,,,0.12
,,,,0.12
,,,,0.12
,,,,0.12
,,,,0.12
,,,,0.12
,,,,0.12
,,,,0.12
,,,,0.12
,,,,0.08
,,,,0.08
,,,,0.08
,,,,0.08
,,,,0.08
,,,,0.08
,,,,0.08
,,,,0.08
,,,,0.08
,,,,0.04
,,,,0.04
,,,,0.04
,,,,0
,,,,0
,,,,0.04
,,,,0.04
,,,,0.04
,,,,0.04
,,,,0.04
,,,,0.08
,,,,0.08
,,,,0.08
,,,,0.08
,,,,0.04
,,,,0.08
,,,,0.04
,,,,0.04
,,,,0.04
,,,,0
,,,,0
,,,,0.04
,,,,0.04
,,,,0.04
,,,,0
,,,,0
,,,,0
,,,,0
,,,,0.04
,,,,0
,,,,0
,,,,0
,,,,0.04
,,,,0.04
,,,,0
,,,,0
,,,,0
,,,,0
,,,,0.04
,,,,0.04
,,,,0.04
,,,,0.04
,,,,0.04
,,,,0.04
,,,,0.04
,,,,0.04
,,,,0.04
,,,,0
,,,,0.04
,,,,0.04
,,,,0.04
,,,,0.04
,,,,0.04
,,,,0.04
,,,,0
,,,,0.04
,,,,0.04
,,,,0
,,,,0.04
,,,,0.04
,,,,0.04
,,,,0.04
,,,,0.04
,,,,0.04
,,,,0.04
,,,,0.04
,,,,0.04
,,,,0.04
,,,,0.04
,,,,0.04
,,,,0.04
,,,,0.04
,,,,0.04
,,,,0.04
,,,,0
,,,,0.04
,,,,0.04
,,,,0.04
,,,,0.04
,,,,0.04
,,,,0.04
,,,,0.04
,,,,0.04
,,,,0.04
,,,,0.04
,,,,0.04
,,,,0
,,,,0.04
,,,,0
,,,,0.04
,,,,0.04
,,,,0.04
,,,,0.04
,,,,0.04
,,,,0.04
,,,,0.04
,,,,0.04
,,,,0
,,,,0
,,,,0
,,,,0
,,,,0.04
,,,,0.04
,,,,0.04
,,,,0.04
,,,,0.04
,,,,0.08
,,,,0.08
,,,,0.08
,,,,0.12
,,,,0.12
,,,,0.12
,,,,0.12
,,,,0.12
,,,,0.12
,,,,0.12
,,,,0.12
,,,,0.08
,,,,0.04
,,,,0
,,,,0
,,,,0
,,,,0
,,,,-0.04
,,,,0
,,,,0
,,,,-0.04
,,,,-0.04
,,,,0
,,,,-0.04
,,,,-0.04
,,,,0
,,,,0
,,,,-0.04
,,,,-0.04
,,,,-0.04
,,,,-0.04
,,,,-0.04
,,,,-0.04
,,,,-0.04
,,,,-0.04
,,,,-0.04
,,,,0
,,,,-0.04
,,,,-0.04
,,,,-0.04
,,,,-0.04
,,,,0
,,,,0
,,,,-0.04
,,,,-0.04
,,,,-0.04
,,,,0
,,,,-0.04
,,,,0
,,,,-0.04
,,,,-0.04
,,,,-0.04
,,,,-0.04
,,,,-0.04
,,,,-0.04
,,,,-0.04
,,,,-0.04
,,,,-0.04
,,,,0
,,,,0
,,,,-0.04
,,,,-0.04
,,,,-0.04
,,,,-0.04
,,,,0
,,,,-0.04
,,,,0
,,,,0
,,,,0
,,,,0
,,,,-0.04
,,,,0
,,,,0
,,,,-0.04
,,,,-0.08
,,,,-0.04
,,,,0
,,,,0
,,,,0
,,,,-0.04
,,,,-0.04
,,,,-0.04
,,,,-0.04
,,,,-0.04
,,,,-0.04
,,,,-0.08
,,,,-0.12
,,,,-0.12
,,,,-0.12
,,,,-0.08
,,,,-0.12
,,,,-0.12
,,,,-0.12
,,,,-0.2
,,,,-0.2
,,,,-0.16
,,,,-0.16
,,,,-0.08
,,,,-0.04
,,,,-0.04
,,,,0.04
,,,,0.04
,,,,0
,,,,0
,,,,0.04
,,,,0.04
,,,,0.04
,,,,0
,,,,-0.04
,,,,-0.08
,,,,-0.08
,,,,-0.16
,,,,-0.2
,,,,-0.28
,,,,-0.32
,,,,-0.36
,,,,-0.36
,,,,-0.4
,,,,-0.4
,,,,-0.4
,,,,-0.4
,,,,-0.4
,,,,-0.32
,,,,-0.16
,,,,0.08
,,,,0.28
,,,,0.36
,,,,0.44
,,,,0.44
,,,,0.48
,,,,0.56
,,,,0.76
,,,,0.92
,,,,1.04
,,,,1.24
,,,,1.44
,,,,1.6
,,,,1.72
,,,,1.88
,,,,1.96
,,,,1.96
,,,,1.92
,,,,1.8
,,,,1.72
,,,,1.6
,,,,1.52
,,,,1.4
,,,,1.32
,,,,1.24
,,,,1.24
,,,,1.32
,,,,1.48
,,,,1.6
,,,,1.72
,,,,1.76
,,,,1.76
,,,,1.72
,,,,1.68
,,,,1.6
,,,,1.52
,,,,1.4
,,,,1.24
,,,,1.16
,,,,1.12
,,,,1.08
,,,,1.12
,,,,1.16
,,,,1.16
,,,,1.16
,,,,1.16
,,,,1.16
,,,,1.12
,,,,1.04
,,,,0.96
,,,,0.84
,,,,0.72
,,,,0.64
,,,,0.52
,,,,0.44
,,,,0.4
,,,,0.36
,,,,0.32
,,,,0.32
,,,,0.32
,,,,0.28
,,,,0.28
,,,,0.24
,,,,0.2
,,,,0.12
,,,,0.04
,,,,0.04
,,,,-0.04
,,,,-0.08
,,,,-0.12
,,,,-0.16
,,,,-0.2
,,,,-0.24
,,,,-0.24
,,,,-0.28
,,,,-0.32
,,,,-0.32
,,,,-0.4
,,,,-0.4
,,,,-0.48
,,,,-0.56
,,,,-0.6
,,,,-0.72
,,,,-0.76
,,,,-0.84
,,,,-0.88
,,,,-0.96
,,,,-0.96
,,,,-1.04
,,,,-1.08
,,,,-1.04
,,,,-1.08
,,,,-1.12
,,,,-1.16
,,,,-1.16
,,,,-1.16
,,,,-1.16
,,,,-1.16
,,,,-1.2
,,,,-1.2
,,,,-1.24
,,,,-1.24
,,,,-1.24
,,,,-1.28
,,,,-1.28
,,,,-1.32
,,,,-1.32
,,,,-1.36
,,,,-1.4
,,,,-1.44
,,,,-1.48
,,,,-1.52
,,,,-1.52
,,,,-1.6
,,,,-1.6
,,,,-1.6
,,,,-1.6
,,,,-1.6
,,,,-1.6
,,,,-1.56
,,,,-1.52
,,,,-1.48
,,,,-1.44
,,,,-1.36
,,,,-1.32
,,,,-1.28
,,,,-1.24
,,,,-1.12
,,,,-1.04
,,,,-0.92
,,,,-0.64
,,,,-0.4
,,,,-0.24
,,,,-0.12
,,,,-0.04
,,,,0
,,,,0.04
,,,,0.12
,,,,0.12
,,,,0.12
,,,,0.12
,,,,0.12
,,,,0.12
,,,,0.16
,,,,0.16
,,,,0.12
,,,,0.12
,,,,0.12
,,,,0.16
,,,,0.16
,,,,0.12
,,,,0.12
,,,,0.12
,,,,0.12
,,,,0.12
,,,,0.12
,,,,0.12
,,,,0.12
,,,,0.12
,,,,0.12
,,,,0.08
,,,,0.08
,,,,0.04
,,,,0.04
,,,,0.08
,,,,0.08
,,,,0.04
,,,,0.08
,,,,0.08
,,,,0.08
,,,,0.08
,,,,0.04
,,,,0.04
,,,,0
,,,,0.04
,,,,0
,,,,0.04
,,,,0.04
,,,,0.04
,,,,0.04
,,,,0.04
,,,,0.08
,,,,0.08
,,,,0.08
,,,,0.04
,,,,0.04
,,,,0.08
,,,,0.04
,,,,0.04
,,,,0.04
,,,,0.04
,,,,0.08
,,,,0.04
,,,,0
,,,,0
,,,,0
,,,,0.04
,,,,0.04
,,,,0
,,,,0
,,,,0
,,,,0
,,,,0
,,,,0.04
,,,,0.04
,,,,0
,,,,0
,,,,0.04
,,,,0.04
,,,,0.04
,,,,0.04
,,,,0
,,,,0.04
,,,,0.04
,,,,0.04
,,,,0.04
,,,,0.04
,,,,0.04
,,,,0.04
,,,,0.04
,,,,0.04
,,,,0.04
,,,,0.04
,,,,0.04
,,,,0
,,,,0.04
,,,,0.04
,,,,0.04
,,,,0
,,,,0.04
,,,,0.04
,,,,0.04
,,,,0.04
,,,,0.04
,,,,0.04
,,,,0.04
,,,,0.04
,,,,0.04
,,,,0.04
,,,,0.04
,,,,0.04
,,,,0
,,,,0.04
,,,,0.04
,,,,0.04
,,,,0.04
,,,,0.04
,,,,0.04
,,,,0.04
,,,,0.04
,,,,0
,,,,0.04
,,,,0.04
,,,,0.04
,,,,0.04
,,,,0.04
,,,,0.04
,,,,0.04
,,,,0
,,,,0.04
,,,,0.04
,,,,0
,,,,0.04
,,,,0
,,,,0.04
,,,,0.04
,,,,0.04
,,,,0.04
,,,,0.04
,,,,0.04
,,,,0
,,,,0
,,,,0
,,,,0.04
,,,,0.04
,,,,0.04
,,,,0.08
,,,,0.08
,,,,0.12
,,,,0.12
,,,,0.12
,,,,0.12
,,,,0.12
,,,,0.12
,,,,0.12
,,,,0.12
,,,,0.08
,,,,0.08
,,,,0.04
,,,,0.04
,,,,0
,,,,0
,,,,0
,,,,0
,,,,0
,,,,0
,,,,0
,,,,-0.04
,,,,-0.04
,,,,-0.04
,,,,0
,,,,0
,,,,0
,,,,0
,,,,-0.04
,,,,-0.04
,,,,-0.04
,,,,-0.04
,,,,-0.04
,,,,0
,,,,0
,,,,-0.04
,,,,-0.04
,,,,-0.04
,,,,-0.04
,,,,-0.04
,,,,-0.04
,,,,-0.04
,,,,-0.04
,,,,-0.04
,,,,-0.04
,,,,-0.04
,,,,-0.04
,,,,-0.04
,,,,-0.04
,,,,-0.04
,,,,-0.04
,,,,-0.04
,,,,-0.04
,,,,-0.04
,,,,-0.04
,,,,-0.04
,,,,-0.04
,,,,-0.04
,,,,0
,,,,-0.04
,,,,-0.04
,,,,-0.04
,,,,-0.04
,,,,0
,,,,0
,,,,-0.04
,,,,0
,,,,0
,,,,0
,,,,0
,,,,0
,,,,0
,,,,-0.04
,,,,-0.04
,,,,-0.08
,,,,-0.04
,,,,0
,,,,0
,,,,0
,,,,-0.04
,,,,-0.04
,,,,-0.04
,,,,-0.04
,,,,-0.04
,,,,-0.04
,,,,-0.08
,,,,-0.08
,,,,-0.12
,,,,-0.12
,,,,-0.08
,,,,-0.12
,,,,-0.12
,,,,-0.16
,,,,-0.2
,,,,-0.16
,,,,-0.16
,,,,-0.16
,,,,-0.08
,,,,-0.04
,,,,-0.04
,,,,0.04
,,,,0
,,,,-0.04
,,,,0
,,,,0
,,,,0
,,,,0.04
,,,,0
,,,,0
,,,,-0.08
,,,,-0.12
,,,,-0.16
,,,,-0.2
,,,,-0.28
,,,,-0.32
,,,,-0.32
,,,,-0.36
,,,,-0.36
,,,,-0.4
,,,,-0.4
,,,,-0.44
,,,,-0.4
,,,,-0.32
,,,,-0.16
,,,,0.08
,,,,0.24
,,,,0.36
,,,,0.44
,,,,0.44
,,,,0.48
,,,,0.56
,,,,0.76
,,,,0.92
,,,,1.04
,,,,1.24
,,,,1.4
,,,,1.6
,,,,1.72
,,,,1.88
,,,,1.96
,,,,2
,,,,1.92
,,,,1.84
,,,,1.72
,,,,1.64
,,,,1.56
,,,,1.4
,,,,1.32
,,,,1.24
,,,,1.24
,,,,1.32
,,,,1.44
,,,,1.56
,,,,1.68
,,,,1.76
,,,,1.76
,,,,1.72
,,,,1.68
,,,,1.6
,,,,1.48
,,,,1.36
,,,,1.24
,,,,1.2
,,,,1.12
,,,,1.12
,,,,1.08
,,,,1.12
,,,,1.16
,,,,1.16
,,,,1.16
,,,,1.16
,,,,1.12
,,,,1.04
,,,,0.96
,,,,0.84
,,,,0.76
,,,,0.64
,,,,0.52
,,,,0.44
,,,,0.4
,,,,0.36
,,,,0.32
,,,,0.32
,,,,0.28
,,,,0.28
,,,,0.24
,,,,0.24
,,,,0.2
,,,,0.12
,,,,0.08
,,,,0
,,,,-0.04
,,,,-0.08
,,,,-0.12
,,,,-0.16
,,,,-0.2
,,,,-0.2
,,,,-0.24
,,,,-0.28
,,,,-0.32
,,,,-0.32
,,,,-0.36
,,,,-0.44
,,,,-0.48
,,,,-0.52
,,,,-0.6
,,,,-0.72
,,,,-0.76
,,,,-0.84
,,,,-0.88
,,,,-0.92
,,,,-0.96
,,,,-1
,,,,-1.04
,,,,-1.08
,,,,-1.12
,,,,-1.12
,,,,-1.12
,,,,-1.16
,,,,-1.16
,,,,-1.16
,,,,-1.16
,,,,-1.2
,,,,-1.24
,,,,-1.24
,,,,-1.24
,,,,-1.24
,,,,-1.28
,,,,-1.28
,,,,-1.32
,,,,-1.32
,,,,-1.36
,,,,-1.4
,,,,-1.44
,,,,-1.44
,,,,-1.52
,,,,-1.52
,,,,-1.56
,,,,-1.6
,,,,-1.6
,,,,-1.6
,,,,-1.6
,,,,-1.6
,,,,-1.6
,,,,-1.56
,,,,-1.48
,,,,-1.44
,,,,-1.36
,,,,-1.28
,,,,-1.28
,,,,-1.24
,,,,-1.16
,,,,-1.04
,,,,-0.92
,,,,-0.64
,,,,-0.44
,,,,-0.24
,,,,-0.12
,,,,-0.04
,,,,0
,,,,0.04
,,,,0.08
,,,,0.12
,,,,0.12
,,,,0.12
,,,,0.12
,,,,0.16
,,,,0.16
,,,,0.16
,,,,0.16
,,,,0.16
,,,,0.12
,,,,0.16
,,,,0.16
,,,,0.16
,,,,0.12
,,,,0.12
,,,,0.12
,,,,0.12
,,,,0.12
,,,,0.12
,,,,0.12
,,,,0.12
,,,,0.12
,,,,0.12
,,,,0.08
,,,,0.08
,,,,0.08
,,,,0.08
,,,,0.08
,,,,0.08
,,,,0.12
,,,,0.08
,,,,0.04
,,,,0.08
,,,,0.04
,,,,0.04
,,,,0.04
,,,,0.04
,,,,0.04
,,,,0.04
,,,,0.04
,,,,0.04
,,,,0.04
,,,,0.04
,,,,0.08
,,,,0.08
,,,,0.08
,,,,0.04
,,,,0.04
,,,,0.04
,,,,0.04
,,,,0.04
,,,,0.04
,,,,0.04
,,,,0.04
,,,,0.04
,,,,0
,,,,-0.04
,,,,0
,,,,0
,,,,0
,,,,0
,,,,0
,,,,0
,,,,0
,,,,0.04
,,,,0.04
,,,,0
,,,,0.04
,,,,0
,,,,0
,,,,0.04
,,,,0.04
,,,,0.04
,,,,0.04
,,,,0.04
,,,,0.04
,,,,0.04
,,,,0.04
,,,,0.04
,,,,0.04
,,,,0.04
,,,,0.04
,,,,0.04
,,,,0.04
,,,,0
,,,,0.04
,,,,0
,,,,0
,,,,0.04
,,,,0.04
,,,,0.04
,,,,0.04
,,,,0.04
,,,,0.04
,,,,0.04
,,,,0.04
,,,,0.04
,,,,0.04
,,,,0.04
,,,,0.04
,,,,0.04
,,,,0.04
,,,,0.04
,,,,0.04
,,,,0.04
,,,,0.04
,,,,0.04
,,,,0.04
,,,,0.04
,,,,0.04
,,,,0.04
,,,,0.04
,,,,0.04
,,,,0.04
,,,,0.04
,,,,0.04
,,,,0.04
,,,,0
,,,,0.04
,,,,0
,,,,0
,,,,0.04
,,,,0.04
,,,,0.04
,,,,0.04
,,,,0.04
,,,,0.04
,,,,0.04
,,,,0.04
,,,,0.04
,,,,0.04
,,,,0.04
,,,,0
,,,,0.04
,,,,0.04
,,,,0
,,,,0.04
,,,,0.04
,,,,0.08
,,,,0.08
,,,,0.08
,,,,0.12
,,,,0.12
,,,,0.12
,,,,0.12
,,,,0.12
,,,,0.12
,,,,0.12
,,,,0.12
,,,,0.08
,,,,0.04
,,,,0
,,,,0.04
,,,,0
,,,,0
,,,,0
,,,,0
,,,,0
,,,,0
,,,,0
,,,,0
,,,,-0.04
,,,,0
,,,,-0.04
,,,,-0.04
,,,,0
,,,,-0.04
,,,,0
,,,,0
,,,,-0.04
,,,,-0.04
,,,,-0.04
,,,,-0.04
,,,,-0.04
,,,,-0.04
,,,,-0.04
,,,,-0.04
,,,,-0.04
,,,,0
,,,,-0.04
,,,,-0.04
,,,,-0.04
,,,,0
,,,,-0.04
,,,,-0.04
,,,,-0.04
,,,,-0.04
,,,,-0.04
,,,,-0.04
,,,,-0.04
,,,,-0.04
,,,,0
,,,,-0.04
,,,,-0.04
,,,,-0.04
,,,,-0.04
,,,,0
,,,,0
,,,,-0.04
,,,,-0.04
,,,,-0.04
,,,,0
,,,,0
,,,,0
,,,,0
,,,,0
,,,,0
,,,,0
,,,,0
,,,,0
,,,,0
,,,,-0.04
,,,,-0.04
,,,,-0.04
,,,,0
,,,,0
,,,,-0.04
,,,,-0.04
,,,,-0.08
,,,,-0.04
,,,,-0.04
,,,,-0.04
,,,,-0.04
,,,,-0.08
,,,,-0.12
,,,,-0.12
,,,,-0.12
,,,,-0.08
,,,,-0.08
,,,,-0.12
,,,,-0.12
,,,,-0.2
,,,,-0.2
,,,,-0.16
,,,,-0.16
,,,,-0.04
,,,,-0.04
,,,,-0.04
,,,,0.04
,,,,0
,,,,-0.04
,,,,0
,,,,0
,,,,0
,,,,0.04
,,,,0
,,,,-0.04
,,,,-0.04
,,,,-0.12
,,,,-0.16
,,,,-0.2
,,,,-0.28
,,,,-0.32
,,,,-0.32
,,,,-0.36
,,,,-0.4
,,,,-0.36
,,,,-0.4
,,,,-0.4
,,,,-0.4
,,,,-0.32
,,,,-0.16
,,,,0.08
,,,,0.24
,,,,0.4
,,,,0.44
,,,,0.44
,,,,0.48
,,,,0.56
,,,,0.72
,,,,0.92
,,,,1.04
,,,,1.2
,,,,1.4
,,,,1.56
,,,,1.76
,,,,1.88
,,,,1.96
,,,,2
,,,,1.92
,,,,1.88
,,,,1.76
,,,,1.64
,,,,1.56
,,,,1.44
,,,,1.32
,,,,1.24
,,,,1.24
,,,,1.32
,,,,1.4
,,,,1.52
,,,,1.68
,,,,1.76
,,,,1.76
,,,,1.72
,,,,1.68
,,,,1.6
,,,,1.52
,,,,1.4
,,,,1.24
,,,,1.16
,,,,1.12
,,,,1.08
,,,,1.08
,,,,1.08
,,,,1.12
,,,,1.16
,,,,1.16
,,,,1.16
,,,,1.12
,,,,1.08
,,,,0.96
,,,,0.88
,,,,0.76
,,,,0.64
,,,,0.52
,,,,0.44
,,,,0.4
,,,,0.36
,,,,0.32
,,,,0.32
,,,,0.32
,,,,0.32
,,,,0.28
,,,,0.24
,,,,0.2
,,,,0.12
,,,,0.04
,,,,0
,,,,-0.08
,,,,-0.08
,,,,-0.12
,,,,-0.16
,,,,-0.16
,,,,-0.2
,,,,-0.24
,,,,-0.28
,,,,-0.28
,,,,-0.36
,,,,-0.36
,,,,-0.44
,,,,-0.48
,,,,-0.56
,,,,-0.64
,,,,-0.72
,,,,-0.8
,,,,-0.84
,,,,-0.88
,,,,-0.92
,,,,-1
,,,,-1.04
,,,,-1.04
,,,,-1.08
,,,,-1.12
,,,,-1.12
,,,,-1.16
,,,,-1.16
,,,,-1.16
,,,,-1.16
,,,,-1.16
,,,,-1.2
,,,,-1.2
,,,,-1.24
,,,,-1.24
,,,,-1.24
,,,,-1.28
,,,,-1.28
,,,,-1.32
,,,,-1.32
,,,,-1.36
,,,,-1.4
,,,,-1.44
,,,,-1.48
,,,,-1.52
,,,,-1.52
,,,,-1.6
,,,,-1.64
,,,,-1.6
,,,,-1.6
,,,,-1.6
,,,,-1.56
,,,,-1.56
,,,,-1.52
,,,,-1.48
,,,,-1.44
,,,,-1.36
,,,,-1.32
,,,,-1.28
,,,,-1.24
,,,,-1.12
,,,,-1.04
,,,,-0.92
,,,,-0.6
,,,,-0.36
,,,,-0.24
,,,,-0.12
,,,,0
,,,,0
,,,,0.04
,,,,0.08
,,,,0.08
,,,,0.12
,,,,0.12
,,,,0.12
,,,,0.16
,,,,0.16
,,,,0.16
,,,,0.16
,,,,0.16
,,,,0.16
,,,,0.16
,,,,0.12
,,,,0.12
,,,,0.12
,,,,0.12
,,,,0.12
,,,,0.12
,,,,0.12
,,,,0.12
,,,,0.12
,,,,0.12
,,,,0.08
,,,,0.12
,,,,0.08
,,,,0.08
,,,,0.08
,,,,0.08
,,,,0.08
,,,,0.08
,,,,0.08
,,,,0.08
,,,,0.08
,,,,0.04
,,,,0.04
,,,,0
,,,,0
,,,,0.04
,,,,0.04
,,,,0.04
,,,,0.04
,,,,0.04
,,,,0.04
,,,,0.08
,,,,0.08
,,,,0.08
,,,,0.04
,,,,0.08
,,,,0.04
,,,,0.04
,,,,0.04
,,,,0.04
,,,,0.04
,,,,0
,,,,0.04
,,,,0.04
,,,,0
,,,,0
,,,,0
,,,,0
,,,,0.04
,,,,0
,,,,0
,,,,0
,,,,0.04
,,,,0
,,,,0.04
,,,,0
,,,,0
,,,,0
,,,,0
,,,,0.04
,,,,0.04
,,,,0.04
,,,,0
,,,,0.04
,,,,0.04
,,,,0.04
,,,,0.04
,,,,0
,,,,0.04
,,,,0.04
,,,,0
,,,,0.04
,,,,0.04
,,,,0.04
,,,,0
,,,,0
,,,,0.04
,,,,0.04
,,,,0
,,,,0
,,,,0.04
,,,,0.04
,,,,0.04
,,,,0.04
,,,,0.04
,,,,0.04
,,,,0.04
,,,,0
,,,,0
,,,,0.04
,,,,0.04
,,,,0.04
,,,,0.04
,,,,0.04
,,,,0.04
,,,,0.04
,,,,0.04
,,,,0.04
,,,,0.04
,,,,0.04
,,,,0.04
,,,,0.04
,,,,0.04
,,,,0.04
,,,,0.04
,,,,0.04
,,,,0
,,,,0.04
,,,,0.04
,,,,0.04
,,,,0.04
,,,,0.04
,,,,0.04
,,,,0
,,,,0
,,,,0.04
,,,,0
,,,,0
,,,,0.04
,,,,0
,,,,0.04
,,,,0.04
,,,,0.04
,,,,0.04
,,,,0.04
,,,,0.04
,,,,0.04
,,,,0.08
,,,,0.08
,,,,0.08
,,,,0.12
,,,,0.12
,,,,0.12
,,,,0.12
,,,,0.12
,,,,0.12
,,,,0.12
,,,,0.12
,,,,0.04
,,,,0.04
,,,,0.04
,,,,0.04
,,,,0
,,,,0
,,,,0
,,,,0
,,,,0
,,,,0
,,,,0
,,,,0
,,,,0
,,,,0
,,,,0
,,,,0
,,,,-0.04
,,,,-0.04
,,,,0
,,,,-0.04
,,,,0
,,,,-0.04
,,,,-0.04
,,,,0
,,,,-0.04
,,,,-0.04
,,,,-0.04
,,,,-0.04
,,,,-0.04
,,,,-0.04
,,,,-0.04
,,,,-0.04
,,,,-0.04
,,,,-0.04
,,,,-0.04
,,,,-0.04
,,,,-0.04
,,,,-0.04
,,,,-0.04
,,,,-0.04
,,,,-0.04
,,,,-0.04
,,,,0
,,,,-0.04
,,,,-0.04
,,,,-0.04
,,,,0
,,,,0
,,,,-0.04
,,,,-0.04
,,,,-0.04
,,,,0
,,,,0
,,,,0
,,,,0
,,,,0
,,,,0
,,,,0.04
,,,,0
,,,,0
,,,,0
,,,,-0.04
,,,,-0.04
,,,,-0.08
,,,,-0.04
,,,,0
,,,,0
,,,,-0.04
,,,,-0.04
,,,,-0.04
,,,,-0.04
,,,,0
,,,,-0.04
,,,,-0.04
,,,,-0.08
,,,,-0.12
,,,,-0.12
,,,,-0.08
,,,,-0.08
,,,,-0.12
,,,,-0.08
,,,,-0.16
,,,,-0.2
,,,,-0.16
,,,,-0.16
,,,,-0.16
,,,,-0.04
,,,,-0.04
,,,,0
,,,,0
,,,,0
,,,,0
,,,,0
,,,,0.04
,,,,0
,,,,0
,,,,0
,,,,0
,,,,-0.04
,,,,-0.12
,,,,-0.16
,,,,-0.2
,,,,-0.28
,,,,-0.32
,,,,-0.36
,,,,-0.36
,,,,-0.36
,,,,-0.4
,,,,-0.4
,,,,-0.44
,,,,-0.4
,,,,-0.28
,,,,-0.16
,,,,0.08
,,,,0.28
,,,,0.36
,,,,0.44
,,,,0.44
,,,,0.48
,,,,0.6
,,,,0.76
,,,,0.92
,,,,1.08
,,,,1.24
,,,,1.44
,,,,1.6
,,,,1.76
,,,,1.88
,,,,1.96
,,,,1.92
,,,,1.88
,,,,1.84
,,,,1.72
,,,,1.64
,,,,1.52
,,,,1.4
,,,,1.32
,,,,1.24
,,,,1.28
,,,,1.36
,,,,1.44
,,,,1.56
,,,,1.68
,,,,1.72
,,,,1.72
,,,,1.72
,,,,1.64
,,,,1.6
,,,,1.48
,,,,1.36
,,,,1.24
,,,,1.16
,,,,1.12
,,,,1.08
,,,,1.12
,,,,1.12
,,,,1.16
,,,,1.16
,,,,1.16
,,,,1.16
,,,,1.12
,,,,1.04
,,,,0.96
,,,,0.84
,,,,0.72
,,,,0.64
,,,,0.52
,,,,0.44
,,,,0.4
,,,,0.32
,,,,0.32
,,,,0.32
,,,,0.28
,,,,0.28
,,,,0.24
,,,,0.24
,,,,0.2
,,,,0.12
,,,,0.08
,,,,0
,,,,-0.04
,,,,-0.08
,,,,-0.12
,,,,-0.16
,,,,-0.2
,,,,-0.24
,,,,-0.28
,,,,-0.28
,,,,-0.32
,,,,-0.32
,,,,-0.36
,,,,-0.4
,,,,-0.48
,,,,-0.56
,,,,-0.6
,,,,-0.72
,,,,-0.8
,,,,-0.84
,,,,-0.88
,,,,-0.92
,,,,-1
,,,,-1.04
,,,,-1.04
,,,,-1.08
,,,,-1.08
,,,,-1.12
,,,,-1.12
,,,,-1.16
,,,,-1.16
,,,,-1.16
,,,,-1.16
,,,,-1.2
,,,,-1.24
,,,,-1.24
,,,,-1.24
,,,,-1.28
,,,,-1.28
,,,,-1.28
,,,,-1.32
,,,,-1.32
,,,,-1.4
,,,,-1.4
,,,,-1.44
,,,,-1.44
,,,,-1.52
,,,,-1.56
,,,,-1.6
,,,,-1.6
,,,,-1.64
,,,,-1.64
,,,,-1.6
,,,,-1.6
,,,,-1.56
,,,,-1.52
,,,,-1.48
,,,,-1.44
,,,,-1.36
,,,,-1.32
,,,,-1.28
,,,,-1.24
,,,,-1.12
,,,,-1.04
,,,,-0.88
,,,,-0.6
,,,,-0.4
,,,,-0.24
,,,,-0.12
,,,,-0.04
,,,,0.04
,,,,0.04
,,,,0.08
,,,,0.08
,,,,0.12
,,,,0.12
,,,,0.16
,,,,0.12
,,,,0.16
,,,,0.16
,,,,0.16
,,,,0.16
,,,,0.16
,,,,0.12
,,,,0.16
,,,,0.12
,,,,0.12
,,,,0.12
,,,,0.12
,,,,0.12
,,,,0.12
,,,,0.12
,,,,0.12
,,,,0.12
,,,,0.08
,,,,0.08
,,,,0.08
,,,,0.08
,,,,0.08
,,,,0.08
,,,,0.04
,,,,0.08
,,,,0.08
,,,,0.08
,,,,0.08
,,,,0.04
,,,,0.04
,,,,0.04
,,,,0
,,,,0
,,,,0.04
,,,,0.04
,,,,0.04
,,,,0.04
,,,,0.04
,,,,0.04
,,,,0.08
,,,,0.08
,,,,0.04
,,,,0.04
,,,,0.08
,,,,0.04
,,,,0.04
,,,,0.04
,,,,0.04
,,,,0.04
,,,,0.04
,,,,0.08
,,,,0.04
,,,,0.04
,,,,0
,,,,0
,,,,0.04
,,,,0
,,,,0
,,,,0
,,,,0
,,,,0.04
,,,,0.04
,,,,0.04
,,,,0
,,,,0
,,,,0.04
,,,,0.04
,,,,0
,,,,0.04
,,,,0.04
,,,,0.04
,,,,0.04
,,,,0.04
,,,,0.04
,,,,0.04
,,,,0.04
,,,,0
,,,,0
,,,,0.04
,,,,0.04
,,,,0.04
,,,,0.04
,,,,0
,,,,0.04
,,,,0.04
,,,,0.04
,,,,0.04
,,,,0.04
,,,,0
,,,,0.04
,,,,0.04
,,,,0.04
,,,,0.04
,,,,0
,,,,0.04
,,,,0.04
,,,,0.04
,,,,0.04
,,,,0.04
,,,,0.04
,,,,0.04
,,,,0.04
,,,,0.04
,,,,0.04
,,,,0.04
,,,,0.04
,,,,0
,,,,0.04
,,,,0
,,,,0
,,,,0.04
,,,,0.04
,,,,0.04
,,,,0.04
,,,,0
,,,,0
,,,,0
,,,,0.04
,,,,0
,,,,0.04
,,,,0.04
,,,,0.04
,,,,0
,,,,0
,,,,0.04
,,,,0.04
,,,,0
,,,,0.04
,,,,0.04
,,,,0.04
,,,,0
,,,,0
,,,,0.04
,,,,0.04
,,,,0.08
,,,,0.08
,,,,0.08
,,,,0.08
,,,,0.08
,,,,0.12
,,,,0.12
,,,,0.12
,,,,0.12
,,,,0.12
,,,,0.12
,,,,0.08
,,,,0.04
,,,,0
,,,,0
,,,,0
,,,,0
,,,,0
,,,,0
,,,,0
,,,,0
,,,,-0.04
,,,,-0.04
,,,,0
,,,,0
,,,,-0.04
,,,,0
,,,,0
,,,,-0.04
,,,,-0.04
,,,,-0.04
,,,,-0.04
,,,,0
,,,,-0.04
,,,,-0.04
,,,,-0.04
,,,,-0.04
,,,,-0.04
,,,,-0.04
,,,,-0.04
,,,,-0.04
,,,,-0.04
,,,,-0.04
,,,,-0.04
,,,,-0.04
,,,,-0.04
,,,,-0.04
,,,,-0.04
,,,,-0.04
,,,,-0.04
,,,,-0.04
,,,,0
,,,,0
,,,,-0.04
,,,,-0.04
,,,,0
,,,,-0.04
,,,,-0.04
,,,,-0.04
,,,,-0.04
,,,,-0.04
,,,,-0.04
,,,,-0.04
,,,,-0.04
,,,,0
,,,,0
,,,,0
,,,,0
,,,,0
,,,,0
,,,,0
,,,,0
,,,,-0.04
,,,,-0.04
,,,,-0.04
,,,,-0.04
,,,,0
,,,,0
,,,,0
,,,,-0.04
,,,,-0.04
,,,,-0.04
,,,,-0.04
,,,,-0.04
,,,,-0.08
,,,,-0.08
,,,,-0.12
,,,,-0.12
,,,,-0.08
,,,,-0.08
,,,,-0.08
,,,,-0.12
,,,,-0.16
,,,,-0.16
,,,,-0.16
,,,,-0.16
,,,,-0.12
,,,,-0.08
,,,,-0.04
,,,,-0.04
,,,,0.04
,,,,0
,,,,0
,,,,0
,,,,0.04
,,,,0
,,,,0
,,,,0
,,,,-0.04
,,,,-0.08
,,,,-0.12
,,,,-0.16
,,,,-0.2
,,,,-0.28
,,,,-0.32
,,,,-0.32
,,,,-0.32
,,,,-0.36
,,,,-0.4
,,,,-0.4
,,,,-0.44
,,,,-0.4
,,,,-0.32
,,,,-0.16
,,,,0.08
,,,,0.24
,,,,0.36
,,,,0.44
,,,,0.44
,,,,0.48
,,,,0.64
,,,,0.8
,,,,0.96
,,,,1.08
,,,,1.28
,,,,1.44
,,,,1.6
,,,,1.72
,,,,1.84
,,,,1.92
,,,,1.96
,,,,1.88
,,,,1.8
,,,,1.72
,,,,1.64
,,,,1.56
,,,,1.44
,,,,1.32
,,,,1.32
,,,,1.32
,,,,1.36
,,,,1.48
,,,,1.6
,,,,1.68
,,,,1.76
,,,,1.72
,,,,1.68
,,,,1.64
,,,,1.6
,,,,1.48
,,,,1.4
,,,,1.24
,,,,1.16
,,,,1.12
,,,,1.12
,,,,1.12
,,,,1.12
,,,,1.16
,,,,1.16
,,,,1.16
,,,,1.16
,,,,1.12
,,,,1.04
,,,,0.92
,,,,0.84
,,,,0.72
,,,,0.6
,,,,0.52
,,,,0.44
,,,,0.36
,,,,0.36
,,,,0.32
,,,,0.32
,,,,0.32
,,,,0.32
,,,,0.24
,,,,0.24
,,,,0.2
,,,,0.12
,,,,0.08
,,,,0
,,,,-0.04
,,,,-0.12
,,,,-0.12
,,,,-0.16
,,,,-0.16
,,,,-0.2
,,,,-0.24
,,,,-0.28
,,,,-0.28
,,,,-0.36
,,,,-0.36
,,,,-0.44
,,,,-0.48
,,,,-0.56
,,,,-0.64
,,,,-0.68
,,,,-0.76
,,,,-0.84
,,,,-0.92
,,,,-0.92
,,,,-1
,,,,-1
,,,,-1.04
,,,,-1.08
,,,,-1.08
,,,,-1.12
,,,,-1.16
,,,,-1.16
,,,,-1.16
,,,,-1.16
,,,,-1.16
,,,,-1.2
,,,,-1.24
,,,,-1.24
,,,,-1.24
,,,,-1.24
,,,,-1.28
,,,,-1.28
,,,,-1.32
,,,,-1.36
,,,,-1.4
,,,,-1.4
,,,,-1.44
,,,,-1.48
,,,,-1.52
,,,,-1.56
,,,,-1.56
,,,,-1.6
,,,,-1.64
,,,,-1.64
,,,,-1.6
,,,,-1.6
,,,,-1.56
,,,,-1.52
,,,,-1.48
,,,,-1.4
,,,,-1.36
,,,,-1.32
,,,,-1.28
,,,,-1.24
,,,,-1.12
,,,,-1.04
,,,,-0.88
,,,,-0.56
,,,,-0.36
,,,,-0.24
,,,,-0.12
,,,,-0.04
,,,,0
,,,,0.04
,,,,0.08
,,,,0.12
,,,,0.12
,,,,0.12
,,,,0.12
,,,,0.12
,,,,0.16
,,,,0.16
,,,,0.16
,,,,0.16
,,,,0.16
,,,,0.16
,,,,0.12
,,,,0.12
,,,,0.12
,,,,0.16
,,,,0.16
,,,,0.12
,,,,0.12
,,,,0.12
,,,,0.12
,,,,0.08
,,,,0.12
,,,,0.12
,,,,0.12
,,,,0.08
,,,,0.08
,,,,0.08
,,,,0.08
,,,,0.08
,,,,0.08
,,,,0.08
,,,,0.08
,,,,0.04
,,,,0.04
,,,,0
,,,,0.04
,,,,0.04
,,,,0.04
,,,,0.04
,,,,0.04
,,,,0.04
,,,,0.04
,,,,0.04
,,,,0.12
,,,,0.08
,,,,0.04
,,,,0.04
,,,,0.04
,,,,0.04
,,,,0.04
,,,,0.04
,,,,0
,,,,0.04
,,,,0.08
,,,,0.08
,,,,0
,,,,0
,,,,0
,,,,0
,,,,0.04
,,,,0
,,,,0
,,,,0
,,,,0
,,,,0.04
,,,,0.04
,,,,0.04
,,,,0.04
,,,,0
,,,,0.04
,,,,0.04
,,,,0
,,,,0.04
,,,,0.04
,,,,0.04
,,,,0.04
,,,,0.04
,,,,0.04
,,,,0
,,,,0
,,,,0.04
,,,,0.04
,,,,0.04
,,,,0.04
,,,,0.04
,,,,0.04
,,,,0.04
,,,,0
,,,,0
,,,,0.04
,,,,0.04
,,,,0.04
,,,,0.04
,,,,0.04
,,,,0.04
,,,,0.04
,,,,0.04
,,,,0.04
,,,,0.04
,,,,0.04
,,,,0.04
,,,,0.04
,,,,0.04
,,,,0.04
,,,,0.04
,,,,0.04
,,,,0.04
,,,,0.04
,,,,0.04
,,,,0.04
,,,,0.04
,,,,0.04
,,,,0
,,,,0.04
,,,,0.04
,,,,0.04
,,,,0.04
,,,,0.04
,,,,0.04
,,,,0.04
,,,,0.04
,,,,0.04
,,,,0
,,,,0
,,,,0
,,,,0.04
,,,,0.04
,,,,0
,,,,0.04
,,,,0.04
,,,,0
,,,,0
,,,,0.04
,,,,0
,,,,0.04
,,,,0.04
,,,,0.04
,,,,0.04
,,,,0.08
,,,,0.08
,,,,0.08
,,,,0.12
,,,,0.12
,,,,0.12
,,,,0.12
,,,,0.12
,,,,0.12
,,,,0.12
,,,,0.08
,,,,0.04
,,,,0.04
,,,,0.04
,,,,0
,,,,0.04
,,,,0
,,,,0
,,,,0
,,,,0
,,,,0
,,,,-0.04
,,,,-0.04
,,,,0
,,,,0
,,,,-0.04
,,,,0
,,,,0
,,,,-0.04
,,,,-0.04
,,,,-0.04
,,,,-0.04
,,,,0
,,,,-0.04
,,,,0
,,,,0
,,,,0
,,,,-0.04
,,,,-0.04
,,,,0
,,,,0
,,,,-0.04
,,,,-0.04
,,,,-0.04
,,,,-0.04
,,,,-0.04
,,,,-0.04
,,,,-0.04
,,,,-0.04
,,,,-0.04
,,,,-0.04
,,,,-0.04
,,,,-0.04
,,,,0
,,,,-0.04
,,,,-0.04
,,,,-0.04
,,,,-0.04
,,,,-0.04
,,,,-0.04
,,,,0
,,,,-0.04
,,,,0
,,,,0
,,,,0
,,,,0
,,,,0
,,,,0
,,,,0
,,,,0
,,,,-0.04
,,,,0
,,,,0
,,,,-0.04
,,,,-0.08
,,,,-0.04
,,,,-0.04
,,,,0
,,,,0
,,,,-0.04
,,,,-0.04
,,,,-0.04
,,,,-0.04
,,,,-0.04
,,,,-0.04
,,,,-0.08
,,,,-0.12
,,,,-0.12
,,,,-0.12
,,,,-0.08
,,,,-0.08
,,,,-0.12
,,,,-0.16
,,,,-0.2
,,,,-0.2
,,,,-0.16
,,,,-0.16
,,,,-0.08
,,,,-0.04
,,,,-0.04
,,,,0.04
,,,,0
,,,,0
,,,,0
,,,,0
,,,,0.04
,,,,0
,,,,0
,,,,0
,,,,-0.04
,,,,-0.12
,,,,-0.16
,,,,-0.2
,,,,-0.28
,,,,-0.32
,,,,-0.36
,,,,-0.36
,,,,-0.4
,,,,-0.4
,,,,-0.4
,,,,-0.44
,,,,-0.4
,,,,-0.32
,,,,-0.12
,,,,0.12
,,,,0.24
,,,,0.4
,,,,0.44
,,,,0.44
,,,,0.48
,,,,0.56
,,,,0.76
,,,,0.92
,,,,1.08
,,,,1.24
,,,,1.4
,,,,1.6
,,,,1.76
,,,,1.88
,,,,1.92
,,,,1.96
,,,,1.88
,,,,1.88
,,,,1.76
,,,,1.6
,,,,1.52
,,,,1.4
,,,,1.28
,,,,1.24
,,,,1.28
,,,,1.32
,,,,1.44
,,,,1.6
,,,,1.68
,,,,1.76
,,,,1.76
,,,,1.72
,,,,1.68
,,,,1.6
,,,,1.48
,,,,1.36
,,,,1.24
,,,,1.16
,,,,1.12
,,,,1.12
,,,,1.12
,,,,1.12
,,,,1.16
,,,,1.16
,,,,1.2
,,,,1.16
,,,,1.12
,,,,1.04
,,,,0.96
,,,,0.84
,,,,0.72
,,,,0.64
,,,,0.52
,,,,0.44
,,,,0.4
,,,,0.36
,,,,0.32
,,,,0.32
,,,,0.28
,,,,0.28
,,,,0.24
,,,,0.24
,,,,0.2
,,,,0.12
,,,,0.08
,,,,0.04
,,,,-0.04
,,,,-0.08
,,,,-0.12
,,,,-0.16
,,,,-0.16
,,,,-0.2
,,,,-0.24
,,,,-0.28
,,,,-0.32
,,,,-0.32
,,,,-0.4
,,,,-0.4
,,,,-0.48
,,,,-0.52
,,,,-0.64
,,,,-0.72
,,,,-0.76
,,,,-0.84
,,,,-0.88
,,,,-0.92
,,,,-0.96
,,,,-1
,,,,-1.04
,,,,-1.08
,,,,-1.08
,,,,-1.12
,,,,-1.16
,,,,-1.16
,,,,-1.16
,,,,-1.16
,,,,-1.16
,,,,-1.24
,,,,-1.24
,,,,-1.24
,,,,-1.24
,,,,-1.28
,,,,-1.28
,,,,-1.28
,,,,-1.32
,,,,-1.32
,,,,-1.36
,,,,-1.4
,,,,-1.44
,,,,-1.48
,,,,-1.48
,,,,-1.56
,,,,-1.56
,,,,-1.6
,,,,-1.64
,,,,-1.64
,,,,-1.6
,,,,-1.6
,,,,-1.6
,,,,-1.52
,,,,-1.52
,,,,-1.44
,,,,-1.36
,,,,-1.32
,,,,-1.28
,,,,-1.24
,,,,-1.16
,,,,-1.04
,,,,-0.88
,,,,-0.64
,,,,-0.36
,,,,-0.24
,,,,-0.12
,,,,-0.04
,,,,0
,,,,0.04
,,,,0.08
,,,,0.12
,,,,0.12
,,,,0.12
,,,,0.12
,,,,0.12
,,,,0.16
,,,,0.16
,,,,0.12
,,,,0.16
,,,,0.16
,,,,0.16
,,,,0.16
,,,,0.16
,,,,0.16
,,,,0.12
,,,,0.12
,,,,0.12
,,,,0.12
,,,,0.12
,,,,0.12
,,,,0.12
,,,,0.12
,,,,0.12
,,,,0.08
,,,,0.08
,,,,0.08
,,,,0.08
,,,,0.08
,,,,0.08
,,,,0.08
,,,,0.08
,,,,0.08
,,,,0.04
,,,,0.04
,,,,0.04
,,,,0
,,,,0
,,,,0.04
,,,,0.04
,,,,0.04
,,,,0.04
,,,,0.04
,,,,0.08
,,,,0.08
,,,,0.08
,,,,0.08
,,,,0.04
,,,,0.08
,,,,0.04
,,,,0.04
,,,,0.04
,,,,0
,,,,0
,,,,0.04
,,,,0.04
,,,,0.04
,,,,0
,,,,0
,,,,0
,,,,0
,,,,0.04
,,,,0
,,,,0
,,,,0
,,,,0.04
,,,,0.04
,,,,0
,,,,0
,,,,0
,,,,0
,,,,0.04
,,,,0.04
,,,,0.04
,,,,0.04
,,,,0.04
,,,,0.04
,,,,0.04
,,,,0.04
,,,,0.04
,,,,0
,,,,0.04
,,,,0.04
,,,,0.04
,,,,0.04
,,,,0.04
,,,,0.04
,,,,0
,,,,0.04
,,,,0.04
,,,,0
,,,,0.04
,,,,0.04
,,,,0.04
,,,,0.04
,,,,0.04
,,,,0.04
,,,,0.04
,,,,0.04
,,,,0.04
,,,,0.04
,,,,0.04
,,,,0.04
,,,,0.04
,,,,0.04
,,,,0.04
,,,,0.04
,,,,0
,,,,0.04
,,,,0.04
,,,,0.04
,,,,0.04
,,,,0.04
,,,,0.04
,,,,0.04
,,,,0.04
,,,,0.04
,,,,0.04
,,,,0.04
,,,,0
,,,,0.04
,,,,0
,,,,0.04
,,,,0.04
,,,,0.04
,,,,0.04
,,,,0.04
,,,,0.04
,,,,0.04
,,,,0.04
,,,,0
,,,,0
,,,,0
,,,,0
,,,,0.04
,,,,0.04
,,,,0.04
,,,,0.04
,,,,0.04
,,,,0.08
,,,,0.08
,,,,0.08
,,,,0.12
,,,,0.12
,,,,0.12
,,,,0.12
,,,,0.12
,,,,0.12
,,,,0.12
,,,,0.12
,,,,0.08
,,,,0.04
,,,,0
,,,,0
,,,,0
,,,,0
,,,,-0.04
,,,,0
,,,,0
,,,,-0.04
,,,,-0.04
,,,,0
,,,,-0.04
,,,,-0.04
,,,,0
,,,,0
,,,,-0.04
,,,,-0.04
,,,,-0.04
,,,,-0.04
,,,,-0.04
,,,,-0.04
,,,,-0.04
,,,,-0.04
,,,,-0.04
,,,,0
,,,,-0.04
,,,,-0.04
,,,,-0.04
,,,,-0.04
,,,,0
,,,,0
,,,,-0.04
,,,,-0.04
,,,,-0.04
,,,,0
,,,,-0.04
,,,,0
,,,,-0.04
,,,,-0.04
,,,,-0.04
,,,,-0.04
,,,,-0.04
,,,,-0.04
,,,,-0.04
,,,,-0.04
,,,,-0.04
,,,,0
,,,,0
,,,,-0.04
,,,,-0.04
,,,,-0.04
,,,,-0.04
,,,,0
,,,,-0.04
,,,,0
,,,,0
,,,,0
,,,,0
,,,,-0.04
,,,,0
,,,,0
,,,,-0.04
,,,,-0.08
,,,,-0.04
,,,,0
,,,,0
,,,,0
,,,,-0.04
,,,,-0.04
,,,,-0.04
,,,,-0.04
,,,,-0.04
,,,,-0.04
,,,,-0.08
,,,,-0.12
,,,,-0.12
,,,,-0.12
,,,,-0.08
,,,,-0.12
,,,,-0.12
,,,,-0.12
,,,,-0.2
,,,,-0.2
,,,,-0.16
,,,,-0.16
,,,,-0.08
,,,,-0.04
,,,,-0.04
,,,,0.04
,,,,0.04
,,,,0
,,,,0
,,,,0.04
,,,,0.04
,,,,0.04
,,,,0
,,,,-0.04
,,,,-0.08
,,,,-0.08
,,,,-0.16
,,,,-0.2
,,,,-0.28
,,,,-0.32
,,,,-0.36
,,,,-0.36
,,,,-0.4
,,,,-0.4
,,,,-0.4
,,,,-0.4
,,,,-0.4
,,,,-0.32
,,,,-0.16
,,,,0.08
,,,,0.28
,,,,0.36
,,,,0.44
,,,,0.44
,,,,0.48
,,,,0.56
,,,,0.76
,,,,0.92
,,,,1.04
,,,,1.24
,,,,1.44
,,,,1.6
,,,,1.72
,,,,1.88
,,,,1.96
,,,,1.96
,,,,1.92
,,,,1.8
,,,,1.72
,,,,1.6
,,,,1.52
,,,,1.4
,,,,1.32
,,,,1.24
,,,,1.24
,,,,1.32
,,,,1.48
,,,,1.6
,,,,1.72
,,,,1.76
,,,,1.76
,,,,1.72
,,,,1.68
,,,,1.6
,,,,1.52
,,,,1.4
,,,,1.24
,,,,1.16
,,,,1.12
,,,,1.08
,,,,1.12
,,,,1.16
,,,,1.16
,,,,1.16
,,,,1.16
,,,,1.16
,,,,1.12
,,,,1.04
,,,,0.96
,,,,0.84
,,,,0.72
,,,,0.64
,,,,0.52
,,,,0.44
,,,,0.4
,,,,0.36
,,,,0.32
,,,,0.32
,,,,0.32
,,,,0.28
,,,,0.28
,,,,0.24
,,,,0.2
,,,,0.12
,,,,0.04
,,,,0.04
,,,,-0.04
,,,,-0.08
,,,,-0.12
,,,,-0.16
,,,,-0.2
,,,,-0.24
,,,,-0.24
,,,,-0.28
,,,,-0.32
,,,,-0.32
,,,,-0.4
,,,,-0.4
,,,,-0.48
,,,,-0.56
,,,,-0.6
,,,,-0.72
,,,,-0.76
,,,,-0.84
,,,,-0.88
,,,,-0.96
,,,,-0.96
,,,,-1.04
,,,,-1.08
,,,,-1.04
,,,,-1.08
,,,,-1.12
,,,,-1.16
,,,,-1.16
,,,,-1.16
,,,,-1.16
,,,,-1.16
,,,,-1.2
,,,,-1.2
,,,,-1.24
,,,,-1.24
,,,,-1.24
,,,,-1.28
,,,,-1.28
,,,,-1.32
,,,,-1.32
,,,,-1.36
,,,,-1.4
,,,,-1.44
,,,,-1.48
,,,,-1.52
,,,,-1.52
,,,,-1.6
,,,,-1.6
,,,,-1.6
,,,,-1.6
,,,,-1.6
,,,,-1.6
,,,,-1.56
,,,,-1.52
,,,,-1.48
,,,,-1.44
,,,,-1.36
,,,,-1.32
,,,,-1.28
,,,,-1.24
,,,,-1.12
,,,,-1.04
,,,,-0.92
,,,,-0.64
,,,,-0.4
,,,,-0.24
,,,,-0.12
,,,,-0.04
,,,,0
,,,,0.04
,,,,0.12
,,,,0.12
,,,,0.12
,,,,0.12
,,,,0.12
,,,,0.12
,,,,0.16
,,,,0.16
,,,,0.12
,,,,0.12
,,,,0.12
,,,,0.16
,,,,0.16
,,,,0.12
,,,,0.12
,,,,0.12
,,,,0.12
,,,,0.12
,,,,0.12
,,,,0.12
,,,,0.12
,,,,0.12
,,,,0.12
,,,,0.08
,,,,0.08
,,,,0.04
,,,,0.04
,,,,0.08
,,,,0.08
,,,,0.04
,,,,0.08
,,,,0.08
,,,,0.08
,,,,0.08
,,,,0.04
,,,,0.04
,,,,0
,,,,0.04
,,,,0
,,,,0.04
,,,,0.04
,,,,0.04
,,,,0.04
,,,,0.04
,,,,0.08
,,,,0.08
,,,,0.08
,,,,0.04
,,,,0.04
,,,,0.08
,,,,0.04
,,,,0.04
,,,,0.04
,,,,0.04
,,,,0.08
,,,,0.04
,,,,0
,,,,0
,,,,0
,,,,0.04
,,,,0.04
,,,,0
,,,,0
,,,,0
,,,,0
,,,,0
,,,,0.04
,,,,0.04
,,,,0
,,,,0
,,,,0.04
,,,,0.04
,,,,0.04
,,,,0.04
,,,,0
,,,,0.04
,,,,0.04
,,,,0.04
,,,,0.04
,,,,0.04
,,,,0.04
,,,,0.04
,,,,0.04
,,,,0.04
,,,,0.04
,,,,0.04
,,,,0.04
,,,,0
,,,,0.04
,,,,0.04
,,,,0.04
,,,,0
,,,,0.04
,,,,0.04
,,,,0.04
,,,,0.04
,,,,0.04
,,,,0.04
,,,,0.04
,,,,0.04
,,,,0.04
,,,,0.04
,,,,0.04
,,,,0.04
,,,,0
,,,,0.04
,,,,0.04
,,,,0.04
,,,,0.04
,,,,0.04
,,,,0.04
,,,,0.04
,,,,0.04
,,,,0
,,,,0.04
,,,,0.04
,,,,0.04
,,,,0.04
,,,,0.04
,,,,0.04
,,,,0.04
,,,,0
,,,,0.04
,,,,0.04
,,,,0
,,,,0.04
,,,,0
,,,,0.04
,,,,0.04
,,,,0.04
,,,,0.04
,,,,0.04
,,,,0.04
,,,,0
,,,,0
,,,,0
,,,,0.04
,,,,0.04
,,,,0.04
,,,,0.08
,,,,0.08
,,,,0.12
,,,,0.12
,,,,0.12
,,,,0.12
,,,,0.12
,,,,0.12
,,,,0.12
,,,,0.12
,,,,0.08
,,,,0.08
,,,,0.04
,,,,0.04
,,,,0
,,,,0
,,,,0
,,,,0
,,,,0
,,,,0
,,,,0
,,,,-0.04
,,,,-0.04
,,,,-0.04
,,,,0
,,,,0
,,,,0
,,,,0
,,,,-0.04
,,,,-0.04
,,,,-0.04
,,,,-0.04
,,,,-0.04
,,,,0
,,,,0
,,,,-0.04
,,,,-0.04
,,,,-0.04
,,,,-0.04
,,,,-0.04
,,,,-0.04
,,,,-0.04
,,,,-0.04
,,,,-0.04
,,,,-0.04
,,,,-0.04
,,,,-0.04
,,,,-0.04
,,,,-0.04
,,,,-0.04
,,,,-0.04
,,,,-0.04
,,,,-0.04
,,,,-0.04
,,,,-0.04
,,,,-0.04
,,,,-0.04
,,,,-0.04
,,,,0
,,,,-0.04
,,,,-0.04
,,,,-0.04
,,,,-0.04
,,,,0
,,,,0
,,,,-0.04
,,,,0
,,,,0
,,,,0
,,,,0
,,,,0
,,,,0
,,,,-0.04
,,,,-0.04
,,,,-0.08
,,,,-0.04
,,,,0
,,,,0
,,,,0
,,,,-0.04
,,,,-0.04
,,,,-0.04
,,,,-0.04
,,,,-0.04
,,,,-0.04
,,,,-0.08
,,,,-0.08
,,,,-0.12
,,,,-0.12
,,,,-0.08
,,,,-0.12
,,,,-0.12
,,,,-0.16
,,,,-0.2
,,,,-0.16
,,,,-0.16
,,,,-0.16
,,,,-0.08
,,,,-0.04
,,,,-0.04
,,,,0.04
,,,,0
,,,,-0.04
,,,,0
,,,,0
,,,,0
,,,,0.04
,,,,0
,,,,0
,,,,-0.08
,,,,-0.12
,,,,-0.16
,,,,-0.2
,,,,-0.28
,,,,-0.32
,,,,-0.32
,,,,-0.36
,,,,-0.36
,,,,-0.4
,,,,-0.4
,,,,-0.44
,,,,-0.4
,,,,-0.32
,,,,-0.16
,,,,0.08
,,,,0.24
,,,,0.36
,,,,0.44
,,,,0.44
,,,,0.48
,,,,0.56
,,,,0.76
,,,,0.92
,,,,1.04
,,,,1.24
,,,,1.4
,,,,1.6
,,,,1.72
,,,,1.88
,,,,1.96
,,,,2
,,,,1.92
,,,,1.84
,,,,1.72
,,,,1.64
,,,,1.56
,,,,1.4
,,,,1.32
,,,,1.24
,,,,1.24
,,,,1.32
,,,,1.44
,,,,1.56
,,,,1.68
,,,,1.76
,,,,1.76
,,,,1.72
,,,,1.68
,,,,1.6
,,,,1.48
,,,,1.36
,,,,1.24
,,,,1.2
,,,,1.12
,,,,1.12
,,,,1.08
,,,,1.12
,,,,1.16
,,,,1.16
,,,,1.16
,,,,1.16
,,,,1.12
,,,,1.04
,,,,0.96
,,,,0.84
,,,,0.76
,,,,0.64
,,,,0.52
,,,,0.44
,,,,0.4
,,,,0.36
,,,,0.32
,,,,0.32
,,,,0.28
,,,,0.28
,,,,0.24
,,,,0.24
,,,,0.2
,,,,0.12
,,,,0.08
,,,,0
,,,,-0.04
,,,,-0.08
,,,,-0.12
,,,,-0.16
,,,,-0.2
,,,,-0.2
,,,,-0.24
,,,,-0.28
,,,,-0.32
,,,,-0.32
,,,,-0.36
,,,,-0.44
,,,,-0.48
,,,,-0.52
,,,,-0.6
,,,,-0.72
,,,,-0.76
,,,,-0.84
,,,,-0.88
,,,,-0.92
,,,,-0.96
,,,,-1
,,,,-1.04
,,,,-1.08
,,,,-1.12
,,,,-1.12
,,,,-1.12
,,,,-1.16
,,,,-1.16
,,,,-1.16
,,,,-1.16
,,,,-1.2
,,,,-1.24
,,,,-1.24
,,,,-1.24
,,,,-1.24
,,,,-1.28
,,,,-1.28
,,,,-1.32
,,,,-1.32
,,,,-1.36
,,,,-1.4
,,,,-1.44
,,,,-1.44
,,,,-1.52
,,,,-1.52
,,,,-1.56
,,,,-1.6
,,,,-1.6
,,,,-1.6
,,,,-1.6
,,,,-1.6
,,,,-1.6
,,,,-1.56
,,,,-1.48
,,,,-1.44
,,,,-1.36
,,,,-1.28
,,,,-1.28
,,,,-1.24
,,,,-1.16
,,,,-1.04
,,,,-0.92
,,,,-0.64
,,,,-0.44
,,,,-0.24
,,,,-0.12
,,,,-0.04
,,,,0
,,,,0.04
,,,,0.08
,,,,0.12
,,,,0.12
,,,,0.12
,,,,0.12
,,,,0.16
,,,,0.16
,,,,0.16
,,,,0.16
,,,,0.16
,,,,0.12
,,,,0.16
,,,,0.16
,,,,0.16
,,,,0.12
,,,,0.12
,,,,0.12
,,,,0.12
,,,,0.12
,,,,0.12
,,,,0.12
,,,,0.12
,,,,0.12
,,,,0.12
,,,,0.08
,,,,0.08
,,,,0.08
,,,,0.08
,,,,0.08
,,,,0.08
,,,,0.12
,,,,0.08
,,,,0.04
,,,,0.08
,,,,0.04
,,,,0.04
,,,,0.04
,,,,0.04
,,,,0.04
,,,,0.04
,,,,0.04
,,,,0.04
,,,,0.04
,,,,0.04
,,,,0.08
,,,,0.08
,,,,0.08
,,,,0.04
,,,,0.04
,,,,0.04
,,,,0.04
,,,,0.04
,,,,0.04
,,,,0.04
,,,,0.04
,,,,0.04
,,,,0
,,,,-0.04
,,,,0
,,,,0
,,,,0
,,,,0
,,,,0
,,,,0
,,,,0
,,,,0.04
,,,,0.04
,,,,0
,,,,0.04
,,,,0
,,,,0
,,,,0.04
,,,,0.04
,,,,0.04
,,,,0.04
,,,,0.04
,,,,0.04
,,,,0.04
,,,,0.04
,,,,0.04
,,,,0.04
,,,,0.04
,,,,0.04
,,,,0.04
,,,,0.04
,,,,0
,,,,0.04
,,,,0
,,,,0
,,,,0.04
,,,,0.04
,,,,0.04
,,,,0.04
,,,,0.04
,,,,0.04
,,,,0.04
,,,,0.04
,,,,0.04
,,,,0.04
,,,,0.04
,,,,0.04
,,,,0.04
,,,,0.04
,,,,0.04
,,,,0.04
,,,,0.04
,,,,0.04
,,,,0.04
,,,,0.04
,,,,0.04
,,,,0.04
,,,,0.04
,,,,0.04
,,,,0.04
,,,,0.04
,,,,0.04
,,,,0.04
,,,,0.04
,,,,0
,,,,0.04
,,,,0
,,,,0
,,,,0.04
,,,,0.04
,,,,0.04
,,,,0.04
,,,,0.04
,,,,0.04
,,,,0.04
,,,,0.04
,,,,0.04
,,,,0.04
,,,,0.04
,,,,0
,,,,0.04
,,,,0.04
,,,,0
,,,,0.04
,,,,0.04
,,,,0.08
,,,,0.08
,,,,0.08
,,,,0.12
,,,,0.12
,,,,0.12
,,,,0.12
,,,,0.12
,,,,0.12
,,,,0.12
,,,,0.12
,,,,0.08
,,,,0.04
,,,,0
,,,,0.04
,,,,0
,,,,0
,,,,0
,,,,0
,,,,0
,,,,0
,,,,0
,,,,0
,,,,-0.04
,,,,0
,,,,-0.04
,,,,-0.04
,,,,0
,,,,-0.04
,,,,0
,,,,0
,,,,-0.04
,,,,-0.04
,,,,-0.04
,,,,-0.04
,,,,-0.04
,,,,-0.04
,,,,-0.04
,,,,-0.04
,,,,-0.04
,,,,0
,,,,-0.04
,,,,-0.04
,,,,-0.04
,,,,0
,,,,-0.04
,,,,-0.04
,,,,-0.04
,,,,-0.04
,,,,-0.04
,,,,-0.04
,,,,-0.04
,,,,-0.04
,,,,0
,,,,-0.04
,,,,-0.04
,,,,-0.04
,,,,-0.04
,,,,0
,,,,0
,,,,-0.04
,,,,-0.04
,,,,-0.04
,,,,0
,,,,0
,,,,0
,,,,0
,,,,0
,,,,0
,,,,0
,,,,0
,,,,0
,,,,0
,,,,-0.04
,,,,-0.04
,,,,-0.04
,,,,0
,,,,0
,,,,-0.04
,,,,-0.04
,,,,-0.08
,,,,-0.04
,,,,-0.04
,,,,-0.04
,,,,-0.04
,,,,-0.08
,,,,-0.12
,,,,-0.12
,,,,-0.12
,,,,-0.08
,,,,-0.08
,,,,-0.12
,,,,-0.12
,,,,-0.2
,,,,-0.2
,,,,-0.16
,,,,-0.16
,,,,-0.04
,,,,-0.04
,,,,-0.04
,,,,0.04
,,,,0
,,,,-0.04
,,,,0
,,,,0
,,,,0
,,,,0.04
,,,,0
,,,,-0.04
,,,,-0.04
,,,,-0.12
,,,,-0.16
,,,,-0.2
,,,,-0.28
,,,,-0.32
,,,,-0.32
,,,,-0.36
,,,,-0.4
,,,,-0.36
,,,,-0.4
,,,,-0.4
,,,,-0.4
,,,,-0.32
,,,,-0.16
,,,,0.08
,,,,0.24
,,,,0.4
,,,,0.44
,,,,0.44
,,,,0.48
,,,,0.56
,,,,0.72
,,,,0.92
,,,,1.04
,,,,1.2
,,,,1.4
,,,,1.56
,,,,1.76
,,,,1.88
,,,,1.96
,,,,2
,,,,1.92
,,,,1.88
,,,,1.76
,,,,1.64
,,,,1.56
,,,,1.44
,,,,1.32
,,,,1.24
,,,,1.24
,,,,1.32
,,,,1.4
,,,,1.52
,,,,1.68
,,,,1.76
,,,,1.76
,,,,1.72
,,,,1.68
,,,,1.6
,,,,1.52
,,,,1.4
,,,,1.24
,,,,1.16
,,,,1.12
,,,,1.08
,,,,1.08
,,,,1.08
,,,,1.12
,,,,1.16
,,,,1.16
,,,,1.16
,,,,1.12
,,,,1.08
,,,,0.96
,,,,0.88
,,,,0.76
,,,,0.64
,,,,0.52
,,,,0.44
,,,,0.4
